CDR3,Antigen,HLA,Label
ASRPGLAGGRPEQY,LLFGYPVFV,A*02:01,1
ASPGLAGEYEQY,LPEPLPQGQLTAY,B*35:08,1
ASPGLAGEYEQY,LPEPLPQGQLTAY,B*35:08,1
ASPGLAGEYEQY,LPEPLPQGALTAY,B*35:08,1
ASPGLAGEYEQY,LPEALPQGQLTAY,B*35:08,1
ASPGLAGEYEQY,LPEPLPQGQATAY,B*35:08,1
AWSETGLGTGELF,FLTGIGIITV,A*02:01,1
AWSETGLGTGELF,FATGIGIITV,A*02:01,1
AWSETGLGTGELF,FFAGGIGIRTI,A*02:01,1
AWSETGLGTGELF,FWLLGAWAL,A*02:01,1
AWSETGLGTGELF,FWLLPAWAL,A*02:01,1
AWSETGLGTGELF,FLAGGIGIRTL,A*02:01,1
AWSETGLGTGELF,WLLPTWGV,A*02:01,1
AWSETGLGTGELF,WLLPAWGV,A*02:01,1
ASSARSGELF,HPVAEADYFEY,B*35:01,1
ASSARSGELF,HPVGDADYFEY,B*35:01,1
ASSYVSQNNEQF,ALGGLLTMV,A*02:01,1
ASSYVSQNNEQF,CLGALLTMV,A*02:01,1
ASSYVSQNNEQF,CLAGLLTMV,A*02:01,1
ASSYVSQNNEQF,CLGGLATMV,A*02:01,1
ASSYVSQNNEQF,CLGGLLAMV,A*02:01,1
ASSLWEKLAKNIQY,ALWGPDPAAA,A*02:01,1
ASSLWEKLAKNIQY,RQWGPDPAAV,A*02:01,1
ASSLWEKLAKNIQY,YLGGPDFPTI,A*02:01,1
ASSLWEKLAKNIQY,RQFGPDWIVA,A*02:01,1
ASSLWEKLAKNIQY,RQFGPDFPTI,A*02:01,1
ASSLWEKLAKNIQY,YQFGPDFPIA,A*02:01,1
ASSLWEKLAKNIQY,MVWGPDPLYV,A*02:01,1
ASSLWEKLAKNIQY,AQWGPDPAAA,A*02:01,1
ASPGETEAF,LPEPLPQGQLTAY,B*35:08,1
ASSRTGSTYEQY,LPEPLPQGQLTAY,B*35:08,1
ASSSWDTGELF,RYPLTLGWCF,A*24:02,1
ASSYQGTEAF,ILAKFAHWL,A*02:01,1
ASSYQGTEAF,ILAKFLHWL,A*02:01,1
ASSYQGTEAF,ILAAFLHWL,A*02:01,1
ASSARSGELF,HPVGDADYFEY,B*35:08,1
ASSLRGRGDQPQH,HSKRKCDEL,B*08:01,1
ASSLRGRGDQPQH,HSRKKCDEL,B*08:01,1
ASSLRGRGDQPQH,HSKKKCDEI,B*08:01,1
ASSFNMATGQY,ESDPIVAQY,A*01:01,1
ASSFNMATGQY,EVDPIGHLY,A*01:01,1
ASSFIGGTDTQYF,YLEPGPVTV,A*02:01,1
ASSFIGGTDTQY,YLEPGPVAA,A*02:01,1
ASSFIGGTDTQY,YLEAGPVTA,A*02:01,1
ASSFIGGTDTQY,YLEPGPATA,A*02:01,1
ASSFIGGTDTQY,YLEPGPVTV,A*02:01,1
ASSFIGGTDTQY,YLEPGAVTA,A*02:01,1
ASSFIGGTDTQY,ALEPGPVTA,A*02:01,1
ASSSRSSYEQY,GIWGFVFTL,A*02:01,1
ASSSRSSYEQY,GILGLVFTL,A*02:01,1
ASSSRSSYEQY,GILEFVFTL,A*02:01,1
ASSIRSSYEQY,GILEFVFTL,A*02:01,1
ASSLGQAYEQY,YLRGRAYGL,B*08:01,1
ASSLGQAYEQY,FLRGRAFGL,B*08:01,1
ASSLGQAYEQY,FLRGRAYVL,B*08:01,1
ASSLGQAYEQY,TLRGRAYGL,B*08:01,1
ASSFIGGTDTQYFG,YLEPGAVTA,A*02:01,1
ASSFIGGTDTQYFG,YLEPGPVAA,A*02:01,1
ASSFIGGTDTQYFG,ALEPGPVTA,A*02:01,1
ASSFIGGTDTQYFG,YLEAGPVTA,A*02:01,1
ASSFIGGTDTQYFG,YLEPGPVTV,A*02:01,1
ASSFIGGTDTQYFG,YLEPGPATA,A*02:01,1
ASSIGGPYEQYFG,YLEPGPVAA,A*02:01,1
ASSIGGPYEQYFG,ALEPGPVTA,A*02:01,1
ASSIGGPYEQYFG,YLEAGPVTA,A*02:01,1
ASSIGGPYEQYFG,YLEPGAVTA,A*02:01,1
ASSIGGPYEQYFG,YLEPGPATA,A*02:01,1
ASSIGGPYEQYFG,YLEPGPVTV,A*02:01,1
CASSLGQGLLYGYT,GTSGSPIVDR,A*11:01,1
CASSLGQGLLYGYT,GTSGAPIVNR,A*11:01,1
CASSLGQGLLYGYT,GTSGSPIVAR,A*11:01,1
CASTTGGGGYEQY,GTSGAPIVNR,A*11:01,1
CASTTGGGGYEQY,GTSGSPIVAR,A*11:01,1
CASTTGGGGYEQY,GTSGSPIVDR,A*11:01,1
CASSLGQGSYEQY,GTSGSPIVAR,A*11:01,1
CASSLGQGSYEQY,GTSGSPIVDR,A*11:01,1
CASSLGQGSYEQY,GTSGAPIVNR,A*11:01,1
ASRPGLAGGRPEQY,LLYGFVNYI,A*02:01,1
ASRPGLAGGRPEQY,LLYGFVNYV,A*02:01,1
ASSARSGELF,HPVAEADYFEY,B*35:08,1
ASSARSGELF,HPVGDADYFEY,B*35:08,1
ASPGLAGEYEQY,APQPAPENAY,B*35:08,1
ASPGETEAF,LPEPLPQGQLTAY,B*35:08,1
ASSPVTGGIYGYT,NLVAMVATV,A*02:01,1
ASSPVTGGIYGYT,NLVPTVATV,A*02:01,1
ASSPVTGGIYGYT,NLVGMVATV,A*02:01,1
ASSPVTGGIYGYT,NLVPVVATV,A*02:01,1
ASSPVTGGIYGYT,NLVPQVATV,A*02:01,1
ASSPVTGGIYGYT,NLVPMVASV,A*02:01,1
ASSFTWTSGGATDTQY,TLRGRAYGL,B*08:01,1
ASSFTWTSGGATDTQY,FLRGRAFGL,B*08:01,1
ASSFTWTSGGATDTQY,YLRGRAYGL,B*08:01,1
ASSFTWTSGGATDTQY,FLRGRAYVL,B*08:01,1
AWSETGLGMGGWQ,ELAGIAILTV,A*02:01,1
AWSETGLGMGGWQ,ELAGIGILAV,A*02:01,1
AWSETGLGMGGWQ,ELAGIGALTV,A*02:01,1
AWSETGLGMGGWQ,ELAAIGILTV,A*02:01,1
ASRTRGGTLIEQY,IPLTEEAEL,B*35:01,1
ASSDTVSYEQY,SLFNTIAVL,A*02:01,1
ASSDTVSYEQY,SLYNTIATL,A*02:01,1
ASSQRQEGDTQY,APRGPHGGAASGL,B*07:02,1
ASSGGHTGSNEQF,APRGPHGGAASGL,B*07:02,1
CATSFAPGQGEHGYTF,LYPEFIASI,A*24:02,1
CASSTSTGQGWHYGYTF,MLIGIPVYV,A*02:01,1
CASSTSTGQGWHYGYTF,MVIGIPVYV,A*02:01,1
CASRPGTASYEQYF,CPSQEPMSIYVY,B*35:08,1
CASSLDRKAFF,TLWCSPIKV,A*02:01,1
CASRAVINTDTQYF,APARLERRHSA,B*07:02,1
CASRDGRVHQPQHF,APARLERRHSA,B*07:02,1
CASSTTSGGAHNEQFF,APARLERRHSA,B*07:02,1
CASSLLKAANYGYTF,APARLERRHSA,B*07:02,1
CAISEVGTGSSGNTIYF,GQFLTPNSH,B*15:01,1
CASRFVAPSDGYNEQFF,GQFLTPNSH,B*15:01,1
CASSLGQGRVEQYF,GQFLTPNSH,B*15:01,1
CAITSGQGNNEQYF,GQFLTPNSH,B*15:01,1
CASSPGPNQPQHF,YHSIEWAI,B*38:01,1
CASSFRDEDPGNTIYF,YHSIEWAI,B*38:01,1
CASTPTGNTEAFF,YHSIEWAI,B*38:01,1
CASSPGREQYF,HQNPVTGLLL,B*38:01,1
CASSLSWGSSYNEQFF,RVSTLRVSL,B*07:02,1
CASRDHRVIYGYTF,SYMIMEIEL,C*14:02,1
CASSQGIAGSNQPQHF,SYMIMEIEL,C*14:02,1
CASSYSKAGGPGEDTQYF,SWISDIRAGTAPLCRNHIKSSCSLI,B*51:01,1
CASRLVRKKGEDQPQHF,RHDLPPYRVYL,B*38:01,1
CASSSTGADSHEQFF,RHDLPPYRVYL,B*38:01,1
CASSRSTGGSGNTIYF,GEEDGAGGHSL,B*44:02,1
CASSQAGGTGELFF,GEEDGAGGHSL,B*44:02,1
CASSRDRSNEQFF,RKTVRARSRTPSCRSRSHTPSRRRR,B*07:02,1
CASSLIRSEAFF,RKTVRARSRTPSCRSRSHTPSRRRR,B*07:02,1
CASSFIRTGQYF,RKTVRARSRTPSCRSRSHTPSRRRR,B*07:02,1
CASSLVDRRGEKLFF,RKTVRARSRTPSCRSRSHTPSRRRR,B*07:02,1
CASSLVSPSEQFF,YLSNIIPAL,A*02:01,1
CASSLFTGTNEQFF,QLCDVMFYL,A*02:01,1
CASSLDQGAQDNEQFF,YLYDRLLRI,A*02:01,1
CASSLDQGAQDNEQFF,YLYDRLLRV,A*02:01,1
CAILGQGYGYTF,APRGPHGGAASGA,B*07:02,1
CAILGQGYGYTF,APRGPHGGAAAGL,B*07:02,1
CAILGQGYGYTF,APRGPHGGAASGL,B*07:02,1
CAILGQGYGYTF,AARGPHGGAASGL,B*07:02,1
CAILGQGYGYTF,APRGPHGGAASAL,B*07:02,1
CAILGQGYGYTF,APAGPHGGAASGL,B*07:02,1
CAILGQGYGYTF,APRGAHGGAASGL,B*07:02,1
CAILGQGYGYTF,APRGPHAGAASGL,B*07:02,1
CASQTFSPGQTQF,APRGPHGGAASAL,B*07:02,1
CASQTFSPGQTQF,APRGPHGGAASGL,B*07:02,1
CASQTFSPGQTQF,APRGPHAGAASGL,B*07:02,1
CASQTFSPGQTQF,APRGPHGGAASGA,B*07:02,1
CASQTFSPGQTQF,AARGPHGGAASGL,B*07:02,1
CASQTFSPGQTQF,APRGPHGGAAAGL,B*07:02,1
CASQTFSPGQTQF,APRGPAGGAASGL,B*07:02,1
CASSDGGISYNEQF,YLCSGSSYF,A*02:01,1
CASSDGGISYNEQF,YLCSGSSYFV,A*02:01,1
ASRRGSLELV,KLKSLGLNAV,A*02:01,1
ASRRGSLELV,QLRSLGLNAV,A*02:01,1
ASRRGSLELV,QLRTLGLNAV,A*02:01,1
ASRRGSLELV,QLTSLGLNAV,A*02:01,1
ASRRGSLELV,KLVVLGINAV,A*02:01,1
ASRRGSLELV,ALRGMGVNAV,A*02:01,1
ASRRGSLELV,KLSGLGINAV,A*02:01,1
ASRRGSLELV,QLSSLGLNAV,A*02:01,1
ASRRSAYLQY,KLVVLGINAV,A*02:01,1
ASRRSAYLQY,ALRGMGVNAV,A*02:01,1
ASRRSAYLQY,QLSSLGLNAV,A*02:01,1
ASRRSAYLQY,QLTSLGLNAV,A*02:01,1
ASRRSAYLQY,KLKSLGLNAV,A*02:01,1
ASRRSAYLQY,KLSGLGINAV,A*02:01,1
ASRRSAYLQY,QLRSLGLNAV,A*02:01,1
ASRRSAYLQY,QLRTLGLNAV,A*02:01,1
CASSLAVHNEQFF,FEDLRVLSF,B*37:01,1
CASSLAVHNEQFF,FEDLRLLSF,B*37:01,1
CASSLGPGKSSKTQYF,FEDLRVSSF,B*37:01,1
CASSLGPTTYKSSYEQYF,FEDLRVSSF,B*37:01,1
CASSLGRGVQFF,FEDLRLLSF,B*37:01,1
CASSLGTPTEAFF,FEDLRVLSF,B*37:01,1
CASSLIEGLSEQYF,FEDLRLLSF,B*37:01,1
CASSLLAGYNEQFF,FEDLRLLSF,B*37:01,1
CASSLLKGTLHF,FEDLRVSSF,B*37:01,1
CASSLLWRNNEQFF,FEDLRLLSF,B*37:01,1
CASSLLWRNNEQFF,FEDLRVLSF,B*37:01,1
CSATGTSGYNEQFF,FEDLRLLSF,B*37:01,1
CASSLRSGTGELFF,FEDLRLLSF,B*37:01,1
CASSLTGHNQPQHF,FEDLRVLSF,B*37:01,1
CASSLTGHNQPQHF,FEDLRLLSF,B*37:01,1
CASSLTGQGAFF,FEDLRVSSF,B*37:01,1
CASSLTGQGAFF,FEDLRLLSF,B*37:01,1
CASSLTGQGAFF,FEDLRVLSF,B*37:01,1
CASSLTQNEQFF,FEDLRVLSF,B*37:01,1
CASSLAQGKAFF,FEDLRVSSF,B*37:01,1
CASSLVPGNHNEQFF,FEDLRLLSF,B*37:01,1
CASSLWGRALSYEQYF,FEDLRVSSF,B*37:01,1
CASSMAQGARSPLHF,FEDLRLLSF,B*37:01,1
CASSMAQGARSPLHF,FEDLRVLSF,B*37:01,1
CASSMGRDGYTF,FEDLRLLSF,B*37:01,1
CASSMGRDGYTF,FEDLRVLSF,B*37:01,1
CASSMGTGPRETQYF,FEDLRVLSF,B*37:01,1
CASSMGTYSNQPQHF,FEDLRVLSF,B*37:01,1
CASSMGTYSNQPQHF,FEDLRVSSF,B*37:01,1
CASSMLGVLRGANVLTF,FEDLRLLSF,B*37:01,1
CASSMLVANYGYTF,FEDLRLLSF,B*37:01,1
CAGRDHTDTQYF,CTELKLNDY,A*01:01,1
CAISEEGTGFYGYTF,CTELKLNDY,A*01:01,1
CAISEFQGPGGETQYF,CTELKLNDY,A*01:01,1
CAISESLGADTQYF,CTELKLNDY,A*01:01,1
CAISESNGADTQYF,CTELKLNDY,A*01:01,1
CAIGGDGSYEQYF,CTELKLNDY,A*01:01,1
CAISESIGLDEQYF,CTELKLNDY,A*01:01,1
CAISGWTGEGSEQYF,CTELKLNDY,A*01:01,1
CAISESQGPGGETQYF,CTELKLNDY,A*01:01,1
CASGPTGGAAETQYF,FEDLRVLSF,B*37:01,1
CASGRLVTGGGTGANVLTF,FEDLRVLSF,B*37:01,1
CASGRLVTGGGTGANVLTF,FEDLRVSSF,B*37:01,1
CASKGDSPHQPQHF,FEDLRLLSF,B*37:01,1
CASNWGGRGNTGELFF,FEDLRVLSF,B*37:01,1
CASRPPHYNSPLHF,FEDLRVSSF,B*37:01,1
CASRSLAEKGETQYF,FEDLRVSSF,B*37:01,1
CASRSLAEKGETQYF,FEDLRVLSF,B*37:01,1
CASRTSSYNSPLHF,FEDLRVSSF,B*37:01,1
CASSALTGNEQFF,FEDLRVLSF,B*37:01,1
CASSATGDATDTQYF,CTELKLNDY,A*01:01,1
CASSATKNIQYF,FEDLRLLSF,B*37:01,1
CASSATKNIQYF,FEDLRVLSF,B*37:01,1
CASSATKNIQYF,FEDLRVSSF,B*37:01,1
CASSEGTGGLNAFF,FEDLRVLSF,B*37:01,1
CASSGLINGNTIYF,FEDLRLLSF,B*37:01,1
CASSGLINGNTIYF,FEDLRVLSF,B*37:01,1
CASSGVRATEAFF,FEDLRVLSF,B*37:01,1
CASSGVRATEAFF,FEDLRLLSF,B*37:01,1
CASSIGQAYYEQYF,FEDLRVLSF,B*37:01,1
CASSIGRSEQFF,FEDLRLLSF,B*37:01,1
CASSIGSGMNSPLHF,FEDLRLLSF,B*37:01,1
CASSIGTGGNYGYTF,FEDLRVLSF,B*37:01,1
CASSIGVRAFF,FEDLRLLSF,B*37:01,1
CASSIGVRAFF,FEDLRVLSF,B*37:01,1
CASSIGVRAFF,FEDLRVSSF,B*37:01,1
CASSILQGRSYEQYF,FEDLRLLSF,B*37:01,1
CASSIPDGTQYF,FEDLRLLSF,B*37:01,1
CASSISPSGFNGYTF,FEDLRVLSF,B*37:01,1
CASSISSGRTYEQYF,FEDLRVLSF,B*37:01,1
CASSIVQRTNTEAFF,FEDLRLLSF,B*37:01,1
CASSIYRRRQGALAGPDTQYF,FEDLRVSSF,B*37:01,1
CASTLGTVEAFF,FEDLRLLSF,B*37:01,1
CASTNYAGGDRGYTF,FEDLRVLSF,B*37:01,1
CASTNYAGGDRGYTF,FEDLRVSSF,B*37:01,1
CASTNYAGGDRGYTF,FEDLRLLSF,B*37:01,1
CASWGGANYGYTF,FEDLRVLSF,B*37:01,1
CASWGGANYGYTF,FEDLRLLSF,B*37:01,1
CATQGTSGYTDTQYF,FEDLRVLSF,B*37:01,1
CATSRDGLAGANSPLHF,FEDLRVSSF,B*37:01,1
CSAGGLAGEETQYF,CTELKLNDY,A*01:01,1
CSARAYRGYNSPLHF,FEDLRVLSF,B*37:01,1
CSARAYRGYNSPLHF,FEDLRLLSF,B*37:01,1
CSARAYRGYNSPLHF,FEDLRVSSF,B*37:01,1
CSARDGQVYSNQPQHF,FEDLRVLSF,B*37:01,1
CSARDGQVYSNQPQHF,FEDLRLLSF,B*37:01,1
CSAREPGRQFAFAALHF,FEDLRVSSF,B*37:01,1
CSARPGQFYSNQPQHF,FEDLRLLSF,B*37:01,1
CSARPGQFYSNQPQHF,FEDLRVLSF,B*37:01,1
CSVEGLAGPSYNEQFF,FEDLRLLSF,B*37:01,1
CSVYLNTEAFF,FEDLRVLSF,B*37:01,1
CASSMSAMGTEAFF,FEDLRLLSF,B*37:01,1
CASSMSAMGTEAFF,FEDLRVSSF,B*37:01,1
CASSMSAMGTEAFF,FEDLRVLSF,B*37:01,1
CASSPGTAADTQYF,FEDLRVLSF,B*37:01,1
CASSPLHLRDGPKTPLHF,FEDLRVSSF,B*37:01,1
CASSPRQGNNSPLHF,FEDLRVLSF,B*37:01,1
CASSPRQGNNSPLHF,FEDLRLLSF,B*37:01,1
CASSPTAGELFF,FEDLRLLSF,B*37:01,1
CASSPTGRVQPQHF,FEDLRVSSF,B*37:01,1
CASSPTQREQYF,FEDLRVLSF,B*37:01,1
CASSPTRLVSSYNEQFF,FEDLRVSSF,B*37:01,1
CASSPYTDRQENYGYTF,FEDLRVSSF,B*37:01,1
CASSQASLVMTGGDEQYF,FEDLRLLSF,B*37:01,1
CASSQASLVMTGGDEQYF,FEDLRVSSF,B*37:01,1
CASSQDAGLYNQPQHF,FEDLRVSSF,B*37:01,1
CASSQDGAGTPFTEAFF,CTELKLNDY,A*01:01,1
CASSQDGISTGDQPQHF,CTELKLNDY,A*01:01,1
CASSQDLGSYNSPLHF,FEDLRVSSF,B*37:01,1
CASSQDMGGYNQPQHF,FEDLRVSSF,B*37:01,1
CASSQDNPYGANTEAFF,CTELKLNDY,A*01:01,1
CASSQDPGQGYNEQFF,FEDLRVSSF,B*37:01,1
CASSQDQGAYNQPQHF,FEDLRVSSF,B*37:01,1
CASSQEAGAYNQPQHF,FEDLRVSSF,B*37:01,1
CASSQGPTTDTQYF,FEDLRVSSF,B*37:01,1
CASSQLPRGGYTF,FEDLRLLSF,B*37:01,1
CASSQRSGTGELFF,FEDLRLLSF,B*37:01,1
CASSQTGRELFF,FEDLRVLSF,B*37:01,1
CASSQVDYNEQFF,FEDLRVLSF,B*37:01,1
CASSQVDYNEQFF,FEDLRLLSF,B*37:01,1
CASSRLQGANSPLHF,FEDLRVLSF,B*37:01,1
CASSRTGRNQPQHF,FEDLRLLSF,B*37:01,1
CASSSLAVPELFF,FEDLRLLSF,B*37:01,1
CASSSLMGGTDEQFF,FEDLRLLSF,B*37:01,1
CASSSLRVGAGPGQPQHF,FEDLRVSSF,B*37:01,1
CASSSTGREAFF,FEDLRVLSF,B*37:01,1
CASSVESSGSPYQFF,CTELKLNDY,A*01:01,1
CASSVGLAEPLDEQFF,FEDLRVSSF,B*37:01,1
CASSVGTGAYEQYF,FEDLRVLSF,B*37:01,1
CASSVGTGAYEQYF,FEDLRLLSF,B*37:01,1
CASSVVATGGRGTDTQYF,FEDLRVSSF,B*37:01,1
CASSVVATGGRGTDTQYF,FEDLRVLSF,B*37:01,1
CASSWGTGGNQPQHF,FEDLRLLSF,B*37:01,1
CASSWGTGGNQPQHF,FEDLRVLSF,B*37:01,1
CASSWGWRSNQPQHF,FEDLRVLSF,B*37:01,1
CASSYGTGSADTQYF,FEDLRVLSF,B*37:01,1
CASTGTSGRAETQYF,FEDLRVLSF,B*37:01,1
CASSFEWSYEQYF,GLLHHAPSL,A*02:01,1
CASSFLGTGLNEQYF,YLVALGVNAV,A*02:01,1
CASSFLGTGLNEQYF,SLVALGINAV,A*02:01,1
CASSFLGTGLNEQYF,YLVALGINAV,A*02:01,1
CASSEKPDTQYF,LLAGTLAVV,A*02:01,1
CASSQGWDEQYF,VLMGGVPGVE,A*02:01,1
CASSYFGGSLSEQYF,SVASTITGV,A*02:01,1
CASSVDGGSQPQHF,AIMDKNIIL,A*02:01,1
CASSFRGEAFF,AVGSHVYSV,A*02:01,1
CASSLGGPGAFF,LLFGMTPCL,A*02:01,1
CASSSLGDSYEQYF,LLFGMTPCL,A*02:01,1
CASSPDPYEQYF,LLFGMTPCL,A*02:01,1
CASSLGAEQYF,LLFGMTPCL,A*02:01,1
CASSPSPGSEQYF,LLFGMTPCL,A*02:01,1
CAWSVGNYGYTF,VLLGVKLSGV,A*02:01,1
CASSENTGELFF,SVLENFTILL,A*02:01,1
CASSLWGQGWTGELFF,FLTYLDVSV,A*02:01,1
CASSVESGEQYF,FLTYLDVSV,A*02:01,1
CASSVGTGYEQYF,FLTYLDVSV,A*02:01,1
CASSWWLNTEAFF,LIIPCIHLI,A*02:01,1
CASSFPDRGQGVYGYTF,LIIPCIHLI,A*02:01,1
CSALTGNQPQHF,RLLCALTSL,A*02:01,1
CASTSYTEAFF,GLYDGMEHL,A*02:01,1
CASSESTIVQGYNEQFF,LLIDLTSFLL,A*02:01,1
CSVGLGQTGTEAFF,VMIIVSSLAV,A*02:01,1
CASSLAENSGNTIYF,FLWSVFMLI,A*02:01,1
CASTWTGEQYF,LLFGLALIEV,A*02:01,1
CASSPGPYEQYF,QLIPCMDVV,A*02:01,1
CASSHRGSGNTIYF,NLAQTDLATV,A*02:01,1
CASSHRGSGNTIYF,FVGEFFTDV,A*02:01,1
CASSAGLFPEQFF,GLSPNLNRFL,A*02:01,1
CASSLAYEQYF,AVGSHVYSV,A*02:01,1
CASSLDIGDQPQHF,NLNRCSVPV,A*02:01,1
CASSQNGSEAAYSNQPQHF,VQYLGMFPV,A*02:01,1
CASSTPGGWNTEAFF,VQYLGMFPV,A*02:01,1
CASSEMDGSNQPQHF,FITGISILL,A*02:01,1
CASSIGDYEQYF,RVIGMPPPV,A*02:01,1
CASSFLSSYNEQFF,KLSREIMPV,A*02:01,1
CASRGTGTGSYEQYF,KLSREIMPV,A*02:01,1
CASSLASEQYF,KLSREIMPV,A*02:01,1
CASSTGGDTQYF,KLSREIMPV,A*02:01,1
CSARDPTSGGATGELFF,LLAILPYYV,A*02:01,1
CASSLTGATDTQYF,LLAILPYYV,A*02:01,1
CASSSPSQGITGELFF,LLAILPYYV,A*02:01,1
CSARVRGDHNEQFF,LLAILPYYV,A*02:01,1
CASSLAAGGGETQYF,RLWEPLRVV,A*02:01,1
CASSTGADLTYEQYF,RVIGMPPPV,A*02:01,1
CASSTGADLTYEQYF,LVIGMPPPV,A*02:01,1
CASSYGVNTEAFF,FMLYLVTLM,A*02:01,1
CSAPSYRELAGAYLQETQYF,FLNVLFPLL,A*02:01,1
CASSFGGLYGYTF,LMASISSFL,A*02:01,1
CSVPGTAYEQYF,FLGIYTVTVV,A*02:01,1
CASSDNDWRLQYF,FLEIYTVTV,A*02:01,1
CASSLRGTGSYEQYF,FLFTFFASI,A*02:01,1
CASSLQGGGGYTF,FLFTFFASI,A*02:01,1
CSAIVFSRGGDEQFF,FLFTFFASI,A*02:01,1
CASSNLGGTDTQYF,LLFGMTPCL,A*02:01,1
CASSQDWGNEQFF,LLFGMTPCL,A*02:01,1
CSARNRDTYYNEQFF,ALLETLSLLL,A*02:01,1
CASSALAGGYNEQFF,YLDELIKNT,A*02:01,1
CASSALAGGYNEQFF,YTSEILSPI,A*02:01,1
CASSALAGGYNEQFF,YVNELVVFV,A*02:01,1
CASSFNYNEQFF,FVYVFTTHL,A*02:01,1
CASSSDRGEQFF,ALSYTPVEV,A*02:01,1
CASSPGQAEPQHF,LLAGTLAVV,A*02:01,1
CASSPHSGGDPRNEQFF,YVVTWIVGA,A*02:01,1
CASSESGAAYTGELFF,YVVTWIVGA,A*02:01,1
CASLEAGGETQYF,YVVTWIVGA,A*02:01,1
CASSLTGSSDTQYF,FSFPLDFLV,A*02:01,1
CASSLGGGGPQETQYF,TMSFSHLFYL,A*02:01,1
CASSLGGGGPQETQYF,TMSSSHLFYL,A*02:01,1
CASNPGTDFNTGELFF,MLSILALVRV,A*02:01,1
CASIPVGSRNTIYF,LMVPHSPSL,A*02:01,1
CASSFGQEEGQPQHF,YMLTLHTKL,A*02:01,1
CASTLGQGNTEAFF,WLWEPLRVV,A*02:01,1
CSATLDRNYGYTF,LLAGTLAVV,A*02:01,1
CASSLDLAGGFYEQYF,LLAGTLAVV,A*02:01,1
CANGQGDYEQYF,LLAGTLAVV,A*02:01,1
CASSPTAEAFF,TLFTMVGTV,A*02:01,1
CASSKGLRQFF,FIFSYVVAV,A*02:01,1
CASSLSVFPGRAEQYF,FIFSYVVAV,A*02:01,1
CASSIGGQRYNEQFF,SLDLTTSPV,A*02:01,1
CASTPGTSASRDTQYF,SLDLTTSPV,A*02:01,1
CASSLGGLVYNEQFF,MMPFSIVYIV,A*02:01,1
CASRPGQVVYGYTF,MMPFSIVYIV,A*02:01,1
CSVERGGDEQFF,MMPFSIVYIV,A*02:01,1
CASSPDPSGNEQFF,TMSFSHLFYL,A*02:01,1
CASSDGNEQFF,NLFNRYLAL,A*02:01,1
CATSAKTRLNTEAFF,FLDEFMEGV,A*02:01,1
CASSLVTGGGEAFF,FLDEFMEGV,A*02:01,1
CASSHNRGYEQYF,FLNVLFPLL,A*02:01,1
CASSQGYEQYF,VLFAAFSSA,A*02:01,1
CASSMGTGGFYGYTF,HQLGGVVEV,A*02:01,1
CASSLIDSPYEQYF,FMSAYSGVL,A*02:01,1
CAWSSSVNTEAFF,ILGGQVVHTV,A*02:01,1
CATPSRAQYDYGYTF,ILGGQVVHTV,A*02:01,1
CASDPDSLIHNTGELFF,KLAKPLPYT,A*02:01,1
CASSSSSGDEQYF,RLMKHYPGI,A*02:01,1
CASSSNIWSPDTQYF,RLMKHYPGI,A*02:01,1
CAISRGDTEAFF,KLPLDIDPV,A*02:01,1
CASSISPSSYEQYF,ILITQVLGL,A*02:01,1
CASIGVSYEQYF,MLSILALVRV,A*02:01,1
CASSQDWAASNSPLHF,LLFAAFSSA,A*02:01,1
CASSLRTNSDTQYF,HIVEISTPV,A*02:01,1
CASSQDLGTGNTIYF,AMAGSLVFL,A*02:01,1
CASSPTPGTGETQYF,AMAGSLVFL,A*02:01,1
CASSLNTEAFF,YLQDSLATT,A*02:01,1
CASSSTDGYQETQYF,ALLQVTLLL,A*02:01,1
CASSQGGQDGHGTTNEKLFF,VLASPSVPL,A*02:01,1
CASSSESGELFF,LLLNMLIVL,A*02:01,1
CASGTELMNTEAFF,LLLNMLIVL,A*02:01,1
CASSEELYNEFF,LLLNMLIVL,A*02:01,1
CASSLAGGTEAFF,LLLNMLIVL,A*02:01,1
CASSGPIVETQYF,FQLNQSFEI,A*02:01,1
CASREQGMNTEAFF,MIISHLSLI,A*02:01,1
CASRPRQVETQYF,MIISHLSLI,A*02:01,1
CASSESRDRIHYGYTF,VYGIRLEHF,A*24:02,1
CASSLGRGNSPLHF,VYGIRLEHF,A*24:02,1
CATRGQSYEQY,VYGIRLEHF,A*24:02,1
CATSDPRDWTGEANQPQH,VYGIRLEHF,A*24:02,1
CASSSGQTNYGYTF,VYGIRLEHF,A*24:02,1
CASSLYRGLYEQYF,VYGIRLEHF,A*24:02,1
CASSPFQGAIEQYF,SLFWNEPAI,A*02:01,1
CASSFQGNTGELFF,SLFWNEPAI,A*02:01,1
CASSSTGGGGELFF,LLWNTVWNM,A*02:01,1
CASSPDRSGQFF,SLFWNEPAI,A*02:01,1
CASSLDLPGPEGETQYF,DATYQRTRALVR,A*68:01,1
CSAEQGNTEAFF,DATYQRTRALVR,A*68:01,1
CASSPGTGGNEQYF,DATYQRTRALVR,A*68:01,1
CASSEVGVFEAFF,DATYQRTRALVR,A*68:01,1
CASSLGVNTEAFF,DATYQRTRALVR,A*68:01,1
CASNEDSNYGYTF,DATYQRTRALVR,A*68:01,1
CASSQVGPNEKLFF,DATYQRTRALVR,A*68:01,1
CASSLGGYGYTF,DATYQRTRALVR,A*68:01,1
CASSQVGPGETQYF,DATYQRTRALVR,A*68:01,1
CASSQDPWAGSAFF,DATYQRTRALVR,A*68:01,1
CASSELEAYGYTF,DATYQRTRALVR,A*68:01,1
CASSPGTDYGYTF,DATYQRTRALVR,A*68:01,1
CASSAGTSPTDTQYF,DATYQRTRALVR,A*68:01,1
CASSDGDHSYEQYF,DATYQRTRALVR,A*68:01,1
CASSQGGPVGNQPQHF,DATYQRTRALVR,A*68:01,1
CGGGYMGTEAFF,DATYQRTRALVR,A*68:01,1
CASSFPSRGANYGYTF,DATYQRTRALVR,A*68:01,1
CATSDLGLAGDTQYF,DATYQRTRALVR,A*68:01,1
CATSVTGDPNTEAFF,DATYQRTRALVR,A*68:01,1
CASSLVPSDQETQYF,DATYQRTRALVR,A*68:01,1
CASSQDPDTQYF,DATYQRTRALVR,A*68:01,1
CASASGGFGDEQYF,DATYQRTRALVR,A*68:01,1
CAWSVTSTGGTEAFF,DATYQRTRALVR,A*68:01,1
CASSLEGDTEAFF,DATYQRTRALVR,A*68:01,1
CASSVGDLLTGELFF,DATYQRTRALVR,A*68:01,1
CSFRDLSSYNEQFF,DATYQRTRALVR,A*68:01,1
CASSEFQGDNEQFF,DATYQRTRALVR,A*68:01,1
CASSDGSFNEQFF,DATYQRTRALVR,A*68:01,1
CSATRLAGGPTDTQYF,DATYQRTRALVR,A*68:01,1
CASSEVADYNEQFF,DATYQRTRALVR,A*68:01,1
CASSVALGNQETQYF,DATYQRTRALVR,A*68:01,1
CASSPALGDQETQYF,DATYQRTRALVR,A*68:01,1
CASSSTAADEQFF,DATYQRTRALVR,A*68:01,1
CASSQVASNQETQYF,DATYQRTRALVR,A*68:01,1
CSVEEGLQTGELFF,DATYQRTRALVR,A*68:01,1
CATSDLEGWTQYF,DATYQRTRALVR,A*68:01,1
CSADNVAGGPGSEQFF,DATYQRTRALVR,A*68:01,1
CASSEPRDEQFF,DATYQRTRALVR,A*68:01,1
CASSQEPSGMVSRDNEQFF,DATYQRTRALVR,A*68:01,1
CSASQDPYEQYF,DATYQRTRALVR,A*68:01,1
CASSFLGPEGEKLFF,DATYQRTRALVR,A*68:01,1
CASSQEGAGADEQFF,DATYQRTRALVR,A*68:01,1
CASSLIFRDGEKLFF,DATYQRTRALVR,A*68:01,1
CSGETGNTEAFF,DATYQRTRALVR,A*68:01,1
CASSPGTPTDTQYF,DATYQRTRALVR,A*68:01,1
CASSASRVGEDTQYF,DATYQRTRALVR,A*68:01,1
CSALYPLAGPGNEQFF,DATYQRTRALVR,A*68:01,1
CASSETTGPAYEQYF,DATYQRTRALVR,A*68:01,1
CASSSPSGVYNEQFF,DATYQRTRALVR,A*68:01,1
CASTPGGAGDEQYF,DATYQRTRALVR,A*68:01,1
CASSSGGDERYTGELFF,DATYQRTRALVR,A*68:01,1
CASSQVASDQETQYF,DATYQRTRALVR,A*68:01,1
CSARDRREEKLFF,DATYQRTRALVR,A*68:01,1
CAWSPAGLAMYEQYF,DATYQRTRALVR,A*68:01,1
CSAEDGNSPLHF,DATYQRTRALVR,A*68:01,1
CATSSEATGVGETQYF,DATYQRTRALVR,A*68:01,1
CSAESGNTEAFF,DATYQRTRALVR,A*68:01,1
CASSSRVGDTGELFF,DATYQRTRALVR,A*68:01,1
CASSTGTGGPSGTGELFF,DATYQRTRALVR,A*68:01,1
CASSDSAGELFF,DATYQRTRALVR,A*68:01,1
CASSSIGVAGEETQYF,DATYQRTRALVR,A*68:01,1
CASNDPPGATNNEQFF,DATYQRTRALVR,A*68:01,1
CASSSLIQANTEAFF,DATYQRTRALVR,A*68:01,1
CASSDLAGTSGTNTYEQYF,DATYQRTRALVR,A*68:01,1
CASSQVGTTLETQYF,DATYQRTRALVR,A*68:01,1
CASSVNPAQGSGANVLTF,DATYQRTRALVR,A*68:01,1
CASSLAGGLAGPSYEQYF,DATYQRTRALVR,A*68:01,1
CASSQGGRTGELFF,DATYQRTRALVR,A*68:01,1
CASSVELSTDTQYF,DATYQRTRALVR,A*68:01,1
CSAETGNTEAFF,DATYQRTRALVR,A*68:01,1
CSAETGNTEQFF,DATYQRTRALVR,A*68:01,1
CASSEITTARNQYEQYF,DATYQRTRALVR,A*68:01,1
CASSQSPTGAIHEQYF,DATYQRTRALVR,A*68:01,1
CASNPVIGDEQYF,DATYQRTRALVR,A*68:01,1
CASSTPGDEQYF,DATYQRTRALVR,A*68:01,1
CSARDRGDEKLFF,DATYQRTRALVR,A*68:01,1
CASSESPIGDEPLHF,DATYQRTRALVR,A*68:01,1
CASSGNEQDLQPQHF,DATYQRTRALVR,A*68:01,1
CASSVDLKAGEEGEQFF,DATYQRTRALVR,A*68:01,1
CASSELPAGGTNEQFF,RLARLALVL,A*02:01,1
CASSFFSNTGELFF,RLARLALVL,A*02:01,1
CASSFLTDTQYF,RLARLALVL,A*02:01,1
CASSYMGPEAFF,RLARLALVL,A*02:01,1
CASMDLAFKQYF,RLARLALVL,A*02:01,1
CASSQVSGYEQYF,RLARLALVL,A*02:01,1
CASSPQGDNEQFF,RLARLALVL,A*02:01,1
CAISESVNTEAFF,QPRAPIRPI,B*07:02,1
CSVDLEANYGYTF,CLLGTYTQDV,A*02:01,1
CASSQERGGPDTQYF,CLLGTYTQDV,A*02:01,1
CASSDSLGDRGSYEQYF,SLYNTVATLY,A*02:01,1
CASSSTGGGEKDQPQHF,CLLGTYTQDV,A*02:01,1
CASSFRGPNLYTEAFF,KLQCVDLHV,A*02:01,1
CASSGQGVVETQYF,QPRAPIRPI,B*07:02,1
CASSPDDTEAFF,QPRAPIRPI,B*07:02,1
CASSQEDSWGDTQYF,ILKEPVHGV,A*02:01,1
CASSPGGGASYEQYF,RIAAWMATY,A*03:01,1
CASSYSISGYEQYF,QPRAPIRPI,B*07:02,1
CSATTLVDSYNEQFF,QPRAPIRPI,B*07:02,1
CASSPSWLSGVTQYF,KAANIVLTV,A*02:01,1
CASTPLSNQPQHF,RLSDFSEQL,A*02:01,1
CATSTRDTGNEQFF,LLHGFSFYL,A*02:01,1
CASSQARGGAETQYF,TSTLQEQIGW,B*57:01,1
CAISRQGARQETQYF,TSTLQEQIGW,B*57:01,1
CASSPGVGTEAFF,EFTVSGNIL,B*40:01,1
CASSPHAGGVDEKLFF,EEAAGIGIL,B*18:01,1
CASSALFSGANVLTF,KASEKIFYV,A*02:01,1
CATSSEDSSNQPQHF,HRRGSRSYV,C*06:02,1
CASSLMGGGNTIYF,RYGSFSVTL,C*07:01,1
CASSPGASYEQYF,ESITGSLGPLL,B*40:01,1
CASSLLPEGTGRVSGYTF,VYFFLPDHL,A*24:02,1
CASSSSYSNQPQHF,APRGPHGGAASGL,B*07:02,1
CSANPRTTLYEQYF,MEVDPIGHLY,B*18:01,1
CASSLASGSNQPQHF,RVRFFFPSL,B*07:02,1
CASSHHSGGIYNEQFF,FQDYIKSYL,C*05:01,1
CASSQDSHSTSTDTQYF,KASEKIFYV,A*02:01,1
CATSSFRMTGDNSPLHF,KASEKIFYV,A*02:01,1
CASSWEYEQYF,KASEKIFYV,A*02:01,1
ASSSDQNSGDPYEQYF,GVYDGREHTV,A*02:01,1
ASSSDQNSGDPYEQYF,AVYDGREHTV,A*02:01,1
CAIRQFDANTGELFF,NMIHFAPNV,A*02:01,1
CAIRQFDANTGELFF,RCMLQCPSV,A*02:01,1
CAIRQFDANTGELFF,LHMEFCSCC,A*02:01,1
CAIRQFDANTGELFF,LVLEVDPNI,A*02:01,1
CAIRQFDANTGELFF,CFLLILPNC,A*02:01,1
CAIRQFDANTGELFF,CFVECAPVC,A*02:01,1
CAIRQFDANTGELFF,KVKEVCPNV,A*02:01,1
CAIRQFDANTGELFF,AEMEFCPCC,A*02:01,1
CAIRQFDANTGELFF,THLMVLCCV,A*02:01,1
CAIRQFDANTGELFF,KLLEIAPNC,A*02:01,1
CAIRQFDANTGELFF,KMVTVCPNT,A*02:01,1
CAIRQFDANTGELFF,RTMEVCYNT,A*02:01,1
CAIRQFDANTGELFF,GCQEICPAC,A*02:01,1
CAIRQFDANTGELFF,EIQEFCPNT,A*02:01,1
CAIRQFDANTGELFF,NDMLVCANI,A*02:01,1
CASSIIAGSSYNEQFF,NMIHFAPNV,A*02:01,1
CASSIIAGSSYNEQFF,KVKEVCPNV,A*02:01,1
CASSIIAGSSYNEQFF,LVLEVDPNI,A*02:01,1
CASSIIAGSSYNEQFF,FDVMVMPNL,A*02:01,1
CASSIIAGSSYNEQFF,NDMLVCANI,A*02:01,1
CASSIIAGSSYNEQFF,KTVGIYPNA,A*02:01,1
CASSIIAGSSYNEQFF,IMIEFCPGG,A*02:01,1
CASSIIAGSSYNEQFF,CHIPVEPNT,A*02:01,1
CASSIIAGSSYNEQFF,AEMEFCPCC,A*02:01,1
CASSIIAGSSYNEQFF,EIQEFCPNT,A*02:01,1
CASSIIAGSSYNEQFF,RTMEVCYNT,A*02:01,1
CASSIIAGSSYNEQFF,KLLEIAPNC,A*02:01,1
CASSIIAGSSYNEQFF,KMVTVCPNT,A*02:01,1
CASSIIAGSSYNEQFF,CFVECAPVC,A*02:01,1
CASSIIAGSSYNEQFF,GCQEICPAC,A*02:01,1
CASSIIAGSSYNEQFF,NMINFAPNI,A*02:01,1
CASSSGNPSTDTQYF,KLLEIAPNC,A*02:01,1
CASSSGNPSTDTQYF,NMINFAPNI,A*02:01,1
CASSSGNPSTDTQYF,CFVECAPVC,A*02:01,1
CASSSGNPSTDTQYF,EIQEFCPNT,A*02:01,1
CASSSGNPSTDTQYF,NMIHFAPNV,A*02:01,1
CASSSGNPSTDTQYF,AEMEFCPCC,A*02:01,1
CASSSGNPSTDTQYF,GCQEICPAC,A*02:01,1
CASRGQNTGELFF,LVLEVDPNI,A*02:01,1
CASRGQNTGELFF,RCMLQCPSV,A*02:01,1
CASRGQNTGELFF,LHMEFCSCC,A*02:01,1
CASRGQNTGELFF,KVKEVCPNV,A*02:01,1
CASRGQNTGELFF,NMINFAPNI,A*02:01,1
CASRGQNTGELFF,GAVECCPNC,A*02:01,1
CASRGQNTGELFF,RTMEVCYNT,A*02:01,1
CASRGQNTGELFF,QDVEIPPNI,A*02:01,1
CASRGQNTGELFF,CFVECAPVC,A*02:01,1
CASRGQNTGELFF,KMVTVCPNT,A*02:01,1
CASRGQNTGELFF,FDVMVMPNL,A*02:01,1
CASRGQNTGELFF,KIILFLPCI,A*02:01,1
CASRGQNTGELFF,AEMEFCPCC,A*02:01,1
CASRGQNTGELFF,CFLLILPNC,A*02:01,1
CASRGQNTGELFF,NNILIATCV,A*02:01,1
CASRGQNTGELFF,CHIPVEPNT,A*02:01,1
CASRGQNTGELFF,CCIEVINNT,A*02:01,1
CASRGQNTGELFF,GCQEICPAC,A*02:01,1
CASRGQNTGELFF,NMIHFAPNV,A*02:01,1
CASRGQNTGELFF,KTVGIYPNA,A*02:01,1
CASRGQNTGELFF,IMIEFCPGG,A*02:01,1
CASRGQNTGELFF,KLLEIAPNC,A*02:01,1
CASRGQNTGELFF,THLMVLCCV,A*02:01,1
CASRGQNTGELFF,NDMLVCANI,A*02:01,1
CASRGQNTGELFF,EIQEFCPNT,A*02:01,1
CASSVLNTGELFF,NNILIATCV,A*02:01,1
CASSVLNTGELFF,KIILFLPCI,A*02:01,1
CASSVLNTGELFF,IMIEFCPGG,A*02:01,1
CASSVLNTGELFF,THLMVLCCV,A*02:01,1
CASSVLNTGELFF,KVKEVCPNV,A*02:01,1
CASSVLNTGELFF,RCMLQCPSV,A*02:01,1
CASSVLNTGELFF,FDVMVMPNL,A*02:01,1
CASSVLNTGELFF,NDMLVCANI,A*02:01,1
CASSVLNTGELFF,CFLLILPNC,A*02:01,1
CASSVLNTGELFF,GAVECCPNC,A*02:01,1
CASSVLNTGELFF,KMVTVCPNT,A*02:01,1
CASSVLNTGELFF,QDVEIPPNI,A*02:01,1
CASSVLNTGELFF,RTMEVCYNT,A*02:01,1
CASSVLNTGELFF,LHMEFCSCC,A*02:01,1
CASSVLNTGELFF,LVLEVDPNI,A*02:01,1
CASSVLNTGELFF,AEMEFCPCC,A*02:01,1
CASSVLNTGELFF,GCQEICPAC,A*02:01,1
CASSVLNTGELFF,KLLEIAPNC,A*02:01,1
CASSVLNTGELFF,KTVGIYPNA,A*02:01,1
CASSVLNTGELFF,CCIEVINNT,A*02:01,1
CASSVLNTGELFF,EIQEFCPNT,A*02:01,1
CASSVLNTGELFF,NMINFAPNI,A*02:01,1
CASSVLNTGELFF,CFVECAPVC,A*02:01,1
CASSVLNTGELFF,CHIPVEPNT,A*02:01,1
CASSVLNTGELFF,NMIHFAPNV,A*02:01,1
CASSDTPDLNTEAFF,KVKEVCPNV,A*02:01,1
CASSDTPDLNTEAFF,CCIEVINNT,A*02:01,1
CASSDTPDLNTEAFF,RTMEVCYNT,A*02:01,1
CASSDTPDLNTEAFF,GCQEICPAC,A*02:01,1
CASSDTPDLNTEAFF,NMIHFAPNV,A*02:01,1
CASSDTPDLNTEAFF,KLLEIAPNC,A*02:01,1
CASSDTPDLNTEAFF,AEMEFCPCC,A*02:01,1
CASSDTPDLNTEAFF,NNILIATCV,A*02:01,1
CASSDTPDLNTEAFF,CFLLILPNC,A*02:01,1
CASSDTPDLNTEAFF,EIQEFCPNT,A*02:01,1
CASSDTPDLNTEAFF,CFVECAPVC,A*02:01,1
CASSDTPDLNTEAFF,THLMVLCCV,A*02:01,1
CAISARDQNTGELFF,KMVTVCPNT,A*02:01,1
CAISARDQNTGELFF,KVKEVCPNV,A*02:01,1
CAISARDQNTGELFF,NDMLVCANI,A*02:01,1
CAISARDQNTGELFF,THLMVLCCV,A*02:01,1
CAISARDQNTGELFF,KLLEIAPNC,A*02:01,1
CAISARDQNTGELFF,RTMEVCYNT,A*02:01,1
CAISARDQNTGELFF,CFLLILPNC,A*02:01,1
CASSILGASNQPQHF,RTMEVCYNT,A*02:01,1
CASSILGASNQPQHF,LVLEVDPNI,A*02:01,1
CASSILGASNQPQHF,AEMEFCPCC,A*02:01,1
CASSILGASNQPQHF,CFVECAPVC,A*02:01,1
CASSILGASNQPQHF,EIQEFCPNT,A*02:01,1
CASSILGASNQPQHF,KVKEVCPNV,A*02:01,1
CASSILGASNQPQHF,KLLEIAPNC,A*02:01,1
CASSILGASNQPQHF,THLMVLCCV,A*02:01,1
CASSILGASNQPQHF,GAVECCPNC,A*02:01,1
CASSILGASNQPQHF,GCQEICPAC,A*02:01,1
CASSILGASNQPQHF,CFLLILPNC,A*02:01,1
CASRSQNYYGYTF,AEMEFCPCC,A*02:01,1
CASRSQNYYGYTF,GCQEICPAC,A*02:01,1
CASRSQNYYGYTF,CFVECAPVC,A*02:01,1
CASRSQNYYGYTF,NMINFAPNI,A*02:01,1
CASRSQNYYGYTF,CFLLILPNC,A*02:01,1
CASRSQNYYGYTF,EIQEFCPNT,A*02:01,1
CASRSQNYYGYTF,CCIEVINNT,A*02:01,1
CASRSQNYYGYTF,KVKEVCPNV,A*02:01,1
CASRSQNYYGYTF,RTMEVCYNT,A*02:01,1
CASRSQNYYGYTF,KLLEIAPNC,A*02:01,1
CASSLILDSPLHF,MTLHGFMMY,A*30:02,1
CASSVTFRTGPMYGYTF,MTLHGFMMY,A*30:02,1
CASSLDLDSDGYTF,MTLHGFMMY,A*30:02,1
CASSESENSYGYTF,MTLHGFMMY,A*30:02,1
CASSPPGSKAYGYTF,MTLHGFMMY,A*30:02,1
CASGTAGGPSTDTQYF,MTLHGFMMY,A*30:02,1
CASSLTGGGNYGYTF,MTLHGFMMY,A*30:02,1
CASSFLADGELFF,MTLHGFMMY,A*30:02,1
CASSLSWGETQYF,MTLHGFMMY,A*30:02,1
CASSYHGQGAVDTQYF,MTLHGFMMY,A*30:02,1
CASSEGDRETGELFF,MTLHGFMMY,A*30:02,1
CASSTRLARNNEQFF,MTLHGFMMY,A*30:02,1
CASSEGYWGTGRDTQYF,MTLHGFMMY,A*30:02,1
CASSLTGRETQYF,MTLHGFMMY,A*30:02,1
CASSPTLYNEQFF,VYALIAGATL,A*24:02,1
CASSLSYLNEQFF,VYALIAGATL,A*24:02,1
CASHPVGSLTDTQYF,VYALIAGATL,A*24:02,1
CASSEWVFWSSYNSPLHF,VYALIAGATL,A*24:02,1
CASTGSYGYTFGSGTRLTVT,KSFVPELKPAF,B*57:03,1
CASTGSYGYTFGSGTRLTVT,LSGSPELRMIF,B*57:03,1
CASTGSYGYTFGSGTRLTVT,RTYVPEIKHRW,B*57:03,1
CASTGSYGYTFGSGTRLTVT,NSVKPEIRPVW,B*57:03,1
CASTGSYGYTFGSGTRLTVT,ASFRPELAEFW,B*57:03,1
CASTGSYGYTFGSGTRLTVT,RSFVPEIGMGF,B*57:03,1
CASTGSYGYTFGSGTRLTVT,GTIRPEIPDYF,B*57:03,1
CASTGSYGYTFGSGTRLTVT,WTYRPEVRGVW,B*57:03,1
CASTGSYGYTFGSGTRLTVT,GSLSPELRPIF,B*57:01,1
CASTGSYGYTFGSGTRLTVT,LSLRPEIPLFF,B*57:03,1
CASTGSYGYTFGSGTRLTVT,YSFKPELKEIF,B*57:03,1
CASTGSYGYTFGSGTRLTVT,SSGVPEVRMMF,B*57:03,1
CASTGSYGYTFGSGTRLTVT,LTISPEIPPYF,B*57:01,1
CASTGSYGYTFGSGTRLTVT,RSLAPEVRGYW,B*57:01,1
CASTGSYGYTFGSGTRLTVT,GSLAPEIRMYW,B*57:03,1
CASTGSYGYTFGSGTRLTVT,KSLTPEVRGYW,B*57:03,1
CASTGSYGYTFGSGTRLTVT,KSLAPEVRDLF,B*57:03,1
CASTGSYGYTFGSGTRLTVT,SALRPEIRLLW,B*57:03,1
CASTGSYGYTFGSGTRLTVT,SSFSPELRMRW,B*57:03,1
CASTGSYGYTFGSGTRLTVT,KSCTPEVREYF,B*57:03,1
CASTGSYGYTFGSGTRLTVT,NSLKPEIPDYF,B*57:03,1
CASTGSYGYTFGSGTRLTVT,NSFRPEVAMKY,B*57:03,1
CASTGSYGYTFGSGTRLTVT,ASFSPELRMAW,B*57:03,1
CASTGSYGYTFGSGTRLTVT,GTIRPEIREMW,B*57:03,1
CASTGSYGYTFGSGTRLTVT,LSITPEISPYF,B*57:01,1
CASTGSYGYTFGSGTRLTVT,LTITPEIAPFF,B*57:01,1
CASTGSYGYTFGSGTRLTVT,LSITPEIAPYF,B*57:01,1
CASTGSYGYTFGSGTRLTVT,LTITPEIRPYF,B*57:01,1
CASTGSYGYTFGSGTRLTVT,LTISPEIPSYF,B*57:01,1
CASTGSYGYTFGSGTRLTVT,LTLTPEIAPYF,B*57:01,1
CASTGSYGYTFGSGTRLTVT,LAITPEIAPYF,B*57:01,1
CASTGSYGYTFGSGTRLTVT,LTITPEIAPYF,B*57:01,1
CASSWEGQYNEQFF,ESEERPPTPY,A*01:01,1
CASSSEGQFNEQFF,ESEERPPTPY,A*01:01,1
CASSPEGVFNEQFF,ESEERPPTPY,A*01:01,1
CASSYGIYEQFF,ESEERPPTPY,A*01:01,1
ASSPGGNEQL,ILDQVPFSV,A*02:01,1
CASMGLAQETQYF,RAFSPEVIPMF,B*57:03,1
CASRGGSGELF,RAFSPEVIPMF,B*57:01,1
CASSGFRDRVNEQYF,RAFSPEVIPMF,B*57:01,1
CASSQGVTTGGFLNYGYTF,RAFSPEVIPMF,B*57:03,1
CASTDTGDYGYTF,RAFSPEVIPMF,B*57:03,1
CASTDTGYYGYTF,RAFSPEVIPMF,B*57:03,1
CASSPDRSGQFF,SLFWNEPAI,A*02,1
CASSLGPGSYGYTF,SLFWNEPAI,A*02,1
CASSRGGMSGELFF,SLFWNEPAI,A*02,1
CASSFQGNTGELFF,SLFWNEPAI,A*02,1
CASSPFQGAIEQYF,SLFWNEPAI,A*02,1
CASSSTGGGGELFF,LLWNTVWNM,A*02,1
CASSFLMTSGDYEQYF,AVYDGREHTV,A*02:01,1
CASSSDQNGDPYEQYF,AVYDGREHTV,A*02:01,1
CASSLWAGHGYTF,YLCLQNNFI,A*02:01,1
CSVRSGNEQFF,HIMPDTAEI,A*02:01,1
CSARDRNYGYTF,YFFWGLWAL,A*02:01,1
CASSLIRGSYEQYF,YFFWGLWAL,A*02:01,1
CASSGRSTDTQYF,LASYFFWGL,A*02:01,1
CASSGGTGYEQYF,NLQREEYTV,A*02:01,1
CASSTSAANQPQHF,NLQREEYTV,A*02:01,1
CSAIYREGNTGELFF,AMAVLYLAL,A*02:01,1
CASSPGGEGEQYF,FQAQHIAMA,A*02:01,1
CASSLRSSYEQYF,FQAQHIAMA,A*02:01,1
CASSFGTGGYEQYF,IAMAVLYLA,A*02:01,1
CASGGADMKTEAFF,CVETMCNEY,B*18,1
CASSLARNQPQHF,CVETMCNEY,B*18,1
CASSPGGGKETQYF,DEEDAIAAY,B*18,1
CASSFATGTAYGYTF,LSEFCRVLCCYVLEE,A*02:01,1
CASSNPQGAKYEQFF,LSEFCRVLCCYVLEE,A*02:01,1
CASSFATGTAYGYTF,LSEFCRVLCCYVLEE,A*02:01,1
CASSNPQGAKYEQFF,LSEFCRVLCCYVLEE,A*02:01,1
CASSYNSAGYNEQFF,ARNLVPMVATVQGQN,A*02:01,1
CASTDGQKNSPLHF,ARNLVPMVATVQGQN,A*02:01,1
CATESTGIGGYTF,ARNLVPMVATVQGQN,A*02:01,1
CASRPGTASYEQYF,CPSQEPMSIYVY,B*35:08,1
CASRPGTSSYEQYF,CPSQEPMSIYVY,B*35:08,1
CASAGETQYF,EDVPSGKLFMHVTLG,A*02:01,1
CASSLVAGYGSYNEQFF,FPTKDVAL,B*35:08,1
CASSQDRASPLHEQFF,FPTKDVAL,B*35:08,1
CASSQDWGDGYTF,FPTKDVAL,B*35:08,1
CASSQVGHEQFF,FPTKDVAL,B*35:08,1
CAWSEPGLDQPQHF,FPTKDVAL,B*35:08,1
CAWSEPQNLPSLYGYTF,FPTKDVAL,B*35:08,1
CAWSLASGGTDNEQFF,FPTKDVAL,B*35:08,1
CAWSPTGDQPQHF,FPTKDVAL,B*35:08,1
CAWSVAAGILEQFF,FPTKDVAL,B*35:08,1
CAWSVASGANNEQFF,FPTKDVAL,B*35:08,1
CASPGETEAFF,LPEPLPQGQLTAY,B*35:08,1
CASPGLAGEYEQYF,LPEPLPQGQLTAY,B*35:08,1
CASSIGTGGSQPQHF,LPEPLPQGQLTAY,B*35:08,1
CASSKLGTSEETQYF,LPEPLPQGQLTAY,B*35:08,1
CASSRTGSTYEQYF,LPEPLPQGQLTAY,B*35:08,1
CASSYLPGQGDHYSNQPQHF,FLKEQGGL,B*08,1
CASSFEAGQGFFSNQPQHF,FLKEQGGL,B*08,1
CASSFEPGQGFYSNQPQHF,FLKEQGGL,B*08,1
CASSYEPGQVSHYSNQPQHF,FLKEQGGL,B*08,1
CASSYLPGQGDHYSNQPQHF,FLKETGGL,B*08,1
CASSFEAGQGFFSNQPQHF,FLKETGGL,B*08,1
CASSFEPGQGFYSNQPQHF,FLKETGGL,B*08,1
CASSYEPGQVSHYSNQPQHF,FLKETGGL,B*08,1
CASSYLPGQGDHYSNQPQHF,FLKEMGGL,B*08,1
CASSFEAGQGFFSNQPQHF,FLKEMGGL,B*08,1
CASSFEPGQGFYSNQPQHF,FLKEMGGL,B*08,1
CASSYEPGQVSHYSNQPQHF,FLKEMGGL,B*08,1
CASSAYRGQANEQFF,QVPLRPMTYK,A*03:01,1
CASSYSRGVGNTIYF,QVPLRPMTYK,A*03:01,1
CAISDFDRAGTQYF,QVPLRPMTYK,A*03:01,1
CASYPDRGRVNEQFF,QVPLRPMTYK,A*03:01,1
CSARVRAGSYNEQFF,QVPLRPMTYK,A*03:01,1
CASSLYTSNNEQFF,QVPLRPMTYK,A*03:01,1
CASPGLAGEYEQYF,LPEPLPQGQLTAY,B*35:08:01,1
CASSQDRDTQYF,VMAPRTLIL,E*01:01:01:03,1
CASRPGLAGGRPEQYF,LLFGPVYV,A*02:01:48,1
CASSLWEKLAKNIQYF,ALWGPDPAAA,A*02:01:48,1
CASSSWDTGELFF,RYPLTLGWCF,A*24:02:84,1
CASPGETEAFF,LPEPLPQGQLTAY,B*35:08:01,1
CASSRTGSTYEQYF,LPEPLPQGQLTAY,B*35:08:01,1
CASSYQGTEAFF,ILAKFLHWL,A*02:01:48,1
CASSARSGELFF,HPVGDADYFEY,B*35:08:01,1
CSARQYRTDMNTEAFF,ILKEPVHGV,A*02,1
CSVEVGAGETQYF,ILKEPVHGV,A*02,1
CASSYEWGGLPKNIQYF,ILKEPVHGV,A*02,1
CASRLVGIGNSPLHF,ILKEPVHGV,A*02,1
CAISEDGGETQYF,ILKEPVHGV,A*02,1
CASSFGGDEQHF,ILKEPVHGV,A*02,1
CASSYSRGSGNTIYF,QVPLRPMTYK,A*03,1
CASRQQGFVFEAKNIQYF,QVPLRPMTYK,A*03,1
CSAPTSGSAAFF,QVPLRPMTYK,A*03,1
CASRPGPVKNTGELFF,QVPLRPMTYK,A*03,1
CASSGGAHFSKIPLAGYNEQFF,QVPLRPMTYK,A*03,1
CASSLTGHPYEQYF,QVPLRPMTYK,A*03,1
CSVEDRHYEQYF,QVPLRPMTYK,A*03,1
CASSYSRGAGNTIYF,QVPLRPMTYK,A*03,1
CASSIGTGGSQPQHF,LPEPLPQGQLTAY,B*35:08,1
CASSKLGTSEETQYF,LPEPLPQGQLTAY,B*35:08,1
CASPGLAGEYEQYF,LPEPLPQGQLTAY,B*35:08,1
CASPGETEAFF,LPEPLPQGQLTAY,B*35:08,1
CASSRTGSTYEQYF,LPEPLPQGQLTAY,B*35:08,1
CASSEEGAWNTGELFF,TLNAWVKVV,A*02:01,1
CASSPRGDWEEKAGELFF,KINAWIKVV,A*02:01,1
CSAFSSGTGGVTGELFF,KINAWIKVV,A*02:01,1
CASSLVPQGEEQYF,TLNAWVKVV,A*02:01,1
CASSYRGQSYEQYF,TLNAWVKVV,A*02:01,1
CSARDAGGDYGYTF,TLNAWVKVV,A*02:01,1
CSASRDSYEQYF,KINAWIKVV,A*02:01,1
CASSLGAAVREQYF,LPRRSGAAGA,B*07:02,1
CASSVESGGLSYEQYF,LPRRSGAAGA,B*07:02,1
CASSLGRETQYF,LPRRSGAAGA,B*07:02,1
CASSLAGQGSPYEQYF,LPRRSGAAGA,B*07:02,1
CASSLIGVSSYNEQFF,LPRRSGAAGA,B*07:02,1
CAWSDRGLVDTQYF,LPRRSGAAGA,B*07:02,1
CASSGDHSYEQYF,LPRRSGAAGA,B*07:02,1
CASSQGFGANVLTF,AAFKRSCLK,A*03:01,1
CASVSGQGVSPLHF,AAFKRSCLK,A*03:01,1
CATSRDGAGLVNQPQHF,AAFKRSCLK,A*03:01,1
CASSQDPGSSYNEQFF,AAFKRSCLK,A*03:01,1
CASSPNPQGANMDTQYF,RSGGFSFGK,A*03:01,1
CASSFTSGTDTQYF,FLGKIWPSHK,A*02:01,1
CASSYVGGDGYTF,FLGKIWPSHK,A*02:01,1
CASSLAAGGDEQYF,FLGKIWPSHK,A*02:01,1
CASSIAIADEKLFF,FLGKIWPSHK,A*02:01,1
CASSLSGGGDTQYF,FLGKIWPSHK,A*02:01,1
CASSEGSQEVFF,FLGKIWPSHK,A*02:01,1
CASSEGLQEVFF,FLGKIWPSHK,A*02:01,1
CASSPRGRDETQYF,FPQGEAREL,B*07:02,1
CASSPRGREETQYF,FPQGEAREL,B*07:02,1
CASSHTTGGRTEAFF,GEIYKRWII,B*08:01,1
CASSTKAGGLADTQYF,GEIYKRWII,B*08:01,1
CASSEGLWQVGDEQYF,HMTEVVRHC,A*02:01,1
CAISELVTGDSPLHF,HMTEVVRHC,A*02:01,1
CASSIQQGADTQYF,HMTEVVRHC,A*02:01,1
CASSLGEGRVDGYTF,GADGVGKSAL,C*08:02,1
CASSDPGTEAFF,GADGVGKSAL,C*08:02,1
CASSFGQSSTYGYTF,GADGVGKSAL,C*08:02,1
CASSLGRASNQPQHF,GADGVGKSAL,C*08:02,1
CASSLGQTNYGYTF,GADGVGKSAL,C*08:02,1
CASSSQGGYGYTF,KVDPIGHVY,A*01:01,1
CASSFDRGYGYTF,KVDPIGHVY,A*01:01,1
CASSLSGGLLRTGELFF,FVVPYMIYLL,C*03:03,1
CASSGRVTGGFYNEQFF,VQIISCQY,A*30:02,1
CASSFGGAYEQYF,VQIISCQY,B*15:01,1
CASSTSTGQGWHYGYTF,MLIGIPVYV,A*24:02,1
CASRPSRGTNYGYTF,KLYGLDWAEL,A*02:01,1
CASSERGMVEAFF,KLYGLDWAEL,A*02:01,1
CASSPRNLGPSGSYEQYF,KLYGLDWAEL,A*02:01,1
CASSQNYEQYF,ALDPHSGHFV,A*02:01,1
CASSYSWGAGYEQYF,ALDPHSGHFV,A*02:01,1
CASTPTGAYEQYF,ALDPHSGHFV,A*02:01,1
CSAGTGELFF,ALDPHSGHFV,A*02:01,1
CASSLGGNLYEQYF,EFFWDANDIY,B*12,1
CASSPARNTEAFF,RPHERNGFTV,B*07,1
CASSPHRNTEAFF,RPHERNGFTV,B*07,1
CASSPSRNTEAFF,RPHERNGFTV,B*07,1
CASSQAALAGFGYEQYF,RPHERNGFTV,B*07,1
CASRPGTSSYEQYF,CPSQEPMSIYVY,B*35:08,1
CAWSEPQNLPSLYGYTF,FPTKDVAL,B*35:08,1
CAWSVASGANNEQFF,FPTKDVAL,B*35:08,1
CAWSVAAGILEQFF,FPTKDVAL,B*35:08,1
CASSLVAGYGSYNEQFF,FPTKDVAL,B*35:08,1
CASSQDRASPLHEQFF,FPTKDVAL,B*35:08,1
CASSQDWGDGYTF,FPTKDVAL,B*35:08,1
CASSQVGHEQFF,FPTKDVAL,B*35:08,1
CAWSPTGDQPQHF,FPTKDVAL,B*35:08,1
CAWSEPGLDQPQHF,FPTKDVAL,B*35:08,1
CAWSLASGGTDNEQFF,FPTKDVAL,B*35:08,1
CASRPGQHTGELFF,DATYQRTRALVR,A*68:01,1
CANPPGSSYNEQFF,DATYQRTRALVR,A*68:01,1
CASSQAGSSYEQYF,DATYQRTRALVR,A*68:01,1
CASSEAGGPGYEQYF,DATYQRTRALVR,A*68:01,1
CSVRDISTNEKLFF,DATYQRTRALVR,A*68:01,1
CASSLVNGLGYTF,SMGVTYEM,A*02:01,1
CASSLVNGLGYTF,YMGVSYEM,A*02:01,1
CASSLVNGLGYTF,YMGVVYEM,A*02:01,1
CASSLVNGLGYTF,KMGVTYEM,A*02:01,1
CASSLVNGLGYTF,FMGVTYEM,A*02:01,1
CASSRDTVNTEAFF,LMDMHNGQL,A*02:01,1
CASSRDTVNTEAFF,RLDAMNGQL,A*02:01,1
CASSRDTVNTEAFF,RMDYNNMQM,A*02:01,1
CASSRDTVNTEAFF,GMDYHNGHL,A*02:01,1
CASSRDTVNTEAFF,KMDYFSGQL,A*02:01,1
CASSRDTVNTEAFF,SMDWFQGQM,A*02:01,1
CASSRDTVNTEAFF,LMDYWQGQL,A*02:01,1
CASSRDTVNTEAFF,NMMWFQGQL,A*02:01,1
CASSRDTVNTEAFF,VLDLFQGQL,A*02:01,1
CASSRDTVNTEAFF,MMDFFNAQM,A*02:01,1
CASSRDFVSNEQYF,TMDFYQGQL,A*02:01,1
CASSRDFVSNEQYF,KMDYFSGQL,A*02:01,1
CASSRDFVSNEQYF,SMDWFQGQM,A*02:01,1
CASSRDFVSNEQYF,LMDYWQGQL,A*02:01,1
CASSRDFVSNEQYF,NMMWFQGQL,A*02:01,1
CASSRDFVSNEQYF,MMDFFNAQM,A*02:01,1
CASSPSGLAGSNLGNEQFF,RMEQVDWTV,A*02:01,1
CASSPSGLAGSNLGNEQFF,KLEFMDWRL,A*02:01,1
CASSPSGLAGSNLGNEQFF,WLDNFELCL,A*02:01,1
CASSPSGLAGSNLGNEQFF,TLEYMDWLV,A*02:01,1
CASSPSGLAGSNLGNEQFF,EMMLFDWKV,A*02:01,1
CASSPSGLAGSNLGNEQFF,KLEQLDWTV,A*02:01,1
CASSPSGLAGSNLGNEQFF,TMETIDWKV,A*02:01,1
CASSPSGLAGSNLGNEQFF,TLEELDWCL,A*02:01,1
CASSPSGLAGSNLGNEQFF,LLEDLDWDV,A*02:01,1
CASSPSGLAGSNLGNEQFF,VLEEVDWLI,A*02:01,1
CASSPSGLAGSNLGNEQFF,NMEYMTWDV,A*02:01,1
CASSPSGLAGSNLGNEQFF,NVEYYDIKL,A*02:01,1
CASSRGTLHYGYTF,FYGKTILWF,A*24:02,1
CASSLGQGCSNQPQHF,FYGKTILWF,A*24:02,1
CASSLGAAPQETQYF,FYGKTILWF,A*24:02,1
CASSTRVVAGNNEQFF,FYGKTILWF,A*24:02,1
CASSLPLGYEQYF,LAMPFATPM,C*03:04,1
CASSESQGDYYGYTF,VLNGTVHPV,A*02:01,1
CASSQRQEGDTQYF,APRGPHGGAASGL,B*07:02,1
CASSGGHTGSNEQFF,APRGPHGGAASGL,B*07:02,1
CASSFNMATGQYF,EVDPIGHLY,A*01:01,1
CASSPGDEQFF,CRVLCCYVL,C*07:02,1
CASTPGDEQFF,CRVLCCYVL,C*07:02,1
CASSAGDEQYF,CRVLCCYVL,C*07:02,1
CASSPGDEQYF,CRVLCCYVL,C*07:02,1
CASSPGDTQYF,CRVLCCYVL,C*07:02,1
CASTHGDEQFF,CRVLCCYVL,C*07:02,1
CASTPGDEQYF,CRVLCCYVL,C*07:02,1
CASTQGDEQFF,CRVLCCYVL,C*07:02,1
CASTSGDEQFF,CRVLCCYVL,C*07:02,1
CASTTGDEQFF,CRVLCCYVL,C*07:02,1
CATSPGDEQYF,CRVLCCYVL,C*07:02,1
CASTLGDEQYF,CRVLCCYVL,C*07:02,1
CAVTAGDEQFF,CRVLCCYVL,C*07:02,1
CASSPISNEQFF,CRVLCCYVL,C*07:02,1
CASSPVSNEQFF,CRVLCCYVL,C*07:02,1
CASSPISNEQYF,CRVLCCYVL,C*07:02,1
CASSPGTPRDEQFF,CRVLCCYVL,C*07:02,1
CASSQGTPRDEQYF,CRVLCCYVL,C*07:02,1
CASSSGQKNTEAFF,CRVLCCYVL,C*07:02,1
CASSTGQKNTEAFF,CRVLCCYVL,C*07:02,1
CASTPGQKNTEAFF,CRVLCCYVL,C*07:02,1
CASTTGQKNTEAFF,CRVLCCYVL,C*07:02,1
CATTSGQKNTEAFF,CRVLCCYVL,C*07:02,1
CASQPGQKNTEAFF,CRVLCCYVL,C*07:02,1
CASSSGLTNTEAFF,CRVLCCYVL,C*07:02,1
CSAPDWNNEQFF,CRVLCCYVL,C*07:02,1
CSAPDWGNEQFF,CRVLCCYVL,C*07:02,1
CSAPNWFNEQFF,CRVLCCYVL,C*07:02,1
CSAPTWDNEQFF,CRVLCCYVL,C*07:02,1
CASSFPDTQYF,CRVLCCYVL,C*07:02,1
CASTPWGAEAFF,CRVLCCYVL,C*07:02,1
CATSRTGGETQYF,FRCPRRFCF,C*07:02,1
CATSREGGETQYF,FRCPRRFCF,C*07:02,1
CATSAEGGETQYF,FRCPRRFCF,C*07:02,1
CATSGTAGETQYF,FRCPRRFCF,C*07:02,1
CATSRDAGETQYF,FRCPRRFCF,C*07:02,1
CATSRDGGETQYF,FRCPRRFCF,C*07:02,1
CATSRVAGETQYF,FRCPRRFCF,C*07:02,1
CATSVTGGETQYF,FRCPRRFCF,C*07:02,1
CASSGGLEAFF,FRCPRRFCF,C*07:02,1
CASSLGLEAFF,FRCPRRFCF,C*07:02,1
CASSVGGGVTDTQYF,MVNTVAGAMK,A*68:01,1
CASSLDPGDTGELFF,HMTEVVRHC,A*02:01,1
CASNLGGGSTDTQYF,SSCMGGMNWR,A*68:01,1
CASSFGSGSTDTQYF,SSCMGGMNWR,A*68:01,1
CASSLGTGSTDTQYF,SSCMGGMNWR,A*68:01,1
CASSPGPNQPQHF,YHSIEWA,B*38:01,1
CASTPTGNTEAFF,YHSIEWA,B*38:01,1
CASSLDFSRQETQYF,WLIRETQPITK,A*03:01,1
CASSLYLASNTGELFF,WLIRETQPITK,A*03:01,1
CASSDRNTNYGYTF,GLLDEDFYA,A*02:01,1
CASSMRVQSNTGELFF,GLLDEDFYA,A*02:01,1
CASRDHRVIYGYTF,SYMIMEIE,C*14:02,1
CASRPWTGANEKLFF,MPYGYVLNEF,B*35:01,1
CASSLDREDEQYF,TYDTVHRHL,C*04:01,1
CASSANRGPDTEAFF,FGDVGSTLF,C*08:02,1
CASSVGNGASTDTQYF,FRNEGIHL,B*14:02,1
CASSLYRGKETQYF,RILLVAASY,A*32:01,1
CASRTDRFLGAFF,YLSFYTAEQL,C*08:02,1
CAWSAASGGAQDTQYF,MLFSHGLVK,A*03:01,1
CASSPGTVKETQYF,EMLFSHGLVK,A*03:01,1
CASSQEFVGAVLDTQYF,TLREIRRYQK,A*03:01,1
CASSPVYGVAYEQYF,RLLQCTQQAV,A*02:01,1
CASSQDRGIGYGYTF,LLQCTQQAV,A*02:01,1
CASSPRPLEGLYGYTF,YLSHLPLTCKF,B*15:01,1
CASSDLPGAPTDTQYF,ILCETCLIV,A*02:01,1
CASSLAGSKLYEQYF,EHEGSGPEL,B*38:01,1
CASSVERENTGELFF,WSYDSTLLAY,A*25:01,1
CASSLARNQPQHF,CVETMCNEY,B*18,1
CASGGADMKTEAFF,CVETMCNEY,B*18,1
CASSPGGGKETQYF,DEEDAIAAY,B*18,1
CASSPETGIGGQPQHF,NLSALGIFST,A*02,1
CSARQGQGFLYEQYF,NLSALGIFST,A*02,1
CASSFEGNTGELFF,NLSALGIFST,A*02,1
CASSQVGQAIYGYTF,NLSALGIFST,A*02,1
CASSTLRYEQYF,NLSALGIFST,A*02,1
CSVEDRGVSYEQYF,NLSALGIFST,A*02,1
CASGLDIHAFF,NLSALGIFST,A*02,1
CASSPLDNWEQFF,NLSALGIFST,A*02,1
CASSLEVTYEQYF,NLSALGIFST,A*02,1
CASSLAGEGGNTIYF,NLSALGIFST,A*02,1
CASSEGQNYGYTF,NLSALGIFST,A*02,1
CATSDRGQGANWDEQFF,NLSALGIFST,A*02,1
CASSVATLRVSTNEKLFF,NLSALGIFST,A*02,1
CASSIQRNYGYTF,NLSALGIFST,A*02,1
CASSATFNDNEKLFF,NLSALGIFST,A*02,1
CATSDFGTEAFF,NLSALGIFST,A*02,1
CASSGSKGAAGELFF,NLSALGIFST,A*02,1
CASSVRTGELFF,QVPLRPMTYK,A*03,1
CASSERDSQYQETQYF,QVPLRPMTYK,A*03,1
CASSARAFPEGNQPQHF,QVPLRPMTYK,A*03,1
CASSYSGQGAAGELFF,QVPLRPMTYK,A*03,1
CASSPVLYEQYF,QVPLRPMTYK,A*03,1
CASSVRTGELFF,QVPLRPMTYK,A*11,1
CASSERDSQYQETQYF,QVPLRPMTYK,A*11,1
CASSARAFPEGNQPQHF,QVPLRPMTYK,A*11,1
CASSYSGQGAAGELFF,QVPLRPMTYK,A*11,1
CASSPVLYEQYF,QVPLRPMTYK,A*11,1
CASGEVGELFF,QVPLRPMTYK,A*03,1
CASRETGWGNQPQHF,QVPLRPMTYK,A*03,1
CASSETNRVEMEAFF,QVPLRPMTYK,A*03,1
CATSAGRQRDTGELFF,QVPLRPMTYK,A*03,1
CASSKYNEQFF,QVPLRPMTYK,A*03,1
CSARGAGGFTHYEQYF,QVPLRPMTYK,A*03,1
CASSLVGFANTGELFF,QVPLRPMTYK,A*03,1
CASSSSGRGLGIQYF,QVPLRPMTYK,A*03,1
CASSVSGFSTDTQYF,QVPLRPMTYK,A*11,1
CSVLKVGTSGFNEQFF,QVPLRPMTYK,A*11,1
CSVPKVGTSGFNEQFF,QVPLRPMTYK,A*11,1
CSVPKTGTSGFNEQFF,QVPLRPMTYK,A*11,1
CSVVAGGPGDTQYF,QVPLRPMTYK,A*11,1
CASSFVNFYGYTF,SYRSTYMIL,C*07:02,0
CASSLDAGTGRKKLFF,FLRYLWREYL,C*04:01,0
CASSFGTGHDIQYF,KQLEDEEV,A*02:01,0
CASSAGSQGHNEQFF,LYNSASFSTF,A*24:02,0
CVTSDRGSTDTQYF,RLAAMFFCAV,A*02:01,0
CASSPRLGRRSDTQYF,SPNLAWPLI,B*07:02,0
CASSLSVLGLAGGANPNEQFF,KTLETPEFV,A*02:01,0
CASSLRASGGPPLNEQFF,LAYSFQSLL,A*02:01,0
CASSYWAQRPDSYEQYF,FQHPYDQAHLL,A*02:01,0
CASSIVLAVRTYEQYF,GLRAKPWV,B*08:01,0
CASNPQGGTNEQFF,RPTEPVPLQL,B*07:02,0
CASSDSSEDQPQHF,MTLLTLYY,A*01:01,0
CSARLFLAGGYYEQYF,KLNEEIAII,A*02:01,0
CASMWLAGGQETQYF,SMGIFLKSL,A*02:01,0
CASSLEIGGFDTQYF,SPTSRMEPCL,B*07:02,0
CATSDSQRARSTDTQYF,LVKNKEKV,B*08:01,0
CASSPSLLAGRDTQYF,LNRSSSQGTQL,B*07:02,0
CASSYSPDRGPEAFF,AYSFQSLLYLL,A*24:02,0
CSAPPVV,EAKRRNMI,B*08:01,0
CASSPDWLENEQFF,SLLSHPLPEF,A*24:02,0
CASVPPPMTEAFF,LSDEDDEVY,A*01:01,0
CASSRAGSALGTDTQYF,QPVNAASFGKI,B*51:01,0
CASSQGYRDSYTEAFF,TLSQQLPREPV,A*02:01,0
CASGRTGNNEKLFF,FLMASISSF,B*35:01,0
CASSPPGVKQGAEAFF,VMLQIINIVL,A*02:01,0
CASSLVQGLGGTEAFF,LQLHITMPF,A*24:02,0
CASAAGAGGSGANVLTF,LSHSFNWRK,A*11:01,0
CASGRLDSLNTEAFF,HSEEGSRAY,A*01:01,0
CASSQHRDNEQFF,TPSLPTLPTR,B*07:02,0
CASSYSSANPYEQYF,YVAKYTVPV,B*07:02,0
CSVVGGGAGETQYF,ILHFQNPGY,B*15:01,0
CATRNMAEAFF,KESSQYYDVMY,B*18:01,0
CASSYAVRGESEQYF,QICERIPTI,A*02:01,0
CASALGRIGTEAFF,WLAYQVASA,B*08:01,0
CSARGRAIYNEQFF,ATFLCPANV,A*02:01,0
CASSSFRRRNEKLFF,TIVEHKYPSV,A*02:01,0
CASSLRSTGVYNSPLHF,AISLLSLPL,A*02:01,0
CASSSTGSPSYNSPLHF,AQSWAFEQV,A*02:01,0
CAISESQPGGARGYTF,MDGLSPAYPRHMMHP,A*02:01,0
CATKRVQGRVYEQYF,RYKSHGKGY,A*30:02,0
CSVTGQNSYNEQFF,FVENPDILRVY,A*01:01,0
CASSQEGTSGSSYTQYF,ALIRRLQQL,A*02:01,0
CASRVTGGGSRETQYF,NVYEVVNSKKK,A*11:01,0
CASSLNSFIQGGQYF,WLCRRSRAASV,A*02:01,0
CASSPPGQYTF,SWAAVTLLLLL,C*04:01,0
CASTKDRRGGELFF,KTVSITSYI,A*02:01,0
CASSRRGAVGRPTDTQYF,PSKNKTIV,B*08:01,0
CASGPGVKDTQYF,KPRHKNKNRL,B*07:02,0
CASSLATGGYRQPQHF,LLLCGVQAV,A*02:10,0
CASSLSLGDSKNTEAFF,KKKVKGSPSF,B*07:02,0
CASSSGVPRRDSPLHF,FVRQKHVL,B*08:01,0
CSARDAGSGRNTIYF,SASTESPAF,B*35:01,0
CASSQTSGATTYEQYF,EEKKKQQM,B*08:01,0
CATQQGFNYGYTF,SLYNFLNLTAL,A*02:01,0
CSAISGTGELFF,AVMAAAQAYKTAA,A*02:01,0
CASSGLGASGNTIYF,FPKQRQNV,B*08:01,0
CASSQRQARGPEAFF,KVHSGESRK,A*03:01,0
CASSPTQGYDNEKLFF,TLPPAWQPF,C*07:02,0
CSSSIRGGSMNTEAFF,SMEERIAY,A*01:01,0
CASRDRVTTGELFF,NYARTEDFF,A*24:02,0
CASSPNAPGTSYEQYF,YLMILSANWAY,B*15:01,0
CASSPGMGKETQYF,RYKGSVEF,A*24:02,0
CAIQQITPGEQYF,NPLVNSLSL,B*07:02,0
CASSPGTSGFDYEQYF,FPLVLPSIP,B*51:01,0
CASTPRHPTFNYGYTF,FRLLFEAVF,C*07:02,0
CAWSYLRGGTYEQYF,AFLPWHRLF,A*24:02,0
CSARILTGSYEQYF,ILREPVHGAY,B*15:10,0
CASTRDRVNSNQPQHF,ISRNKFCDM,B*08:01,0
CASSQVGRWRNEQYF,KSEALKLFL,C*05:01,0
CASSDRGLGIEAFF,WLAYQVASA,B*08:01,0
CASSRTGAENIQYF,KINKNPKYK,A*03:01,0
CAWSVPGVKNEAFF,GGFLRRQFKVV,A*03:01,0
CAWSGINSPLHF,NENEADHLD,B*18:01,0
CSAGSASGHTGELFF,YPPRGFSPY,B*07:02,0
CASSPDGRGGLGNGYTF,AVWKNHHMR,A*11:01,0
CASSSLGRSNDSPRGRWTGELFF,NRYLYLSTM,C*07:01,0
CASSSEGGGGANYGYTF,ACQGVGGPGHK,A*11:01,0
CAWGVLRQEAFF,LCRHKRKQL,B*08:01,0
CSVPKRGQGTDTQYF,AQALADLAGFK,A*11:01,0
CASGQQSTGNTIYF,WGDEKSSFI,C*05:01,0
CASSVGPGTSGISYEQYF,RRYLENGKETL,B*27:05,0
CASRDRGRGNEKLFF,LAAKSGGLAL,B*07:02,0
CASSYTPDGGTYNEQFF,TIFKDASGK,A*11:01,0
CSAARLAGGPHEQYV,PPSPAGAPGPA,B*07:02,0
CASSEEGGRGFTYEQYF,ALKLKVAEL,B*08:01,0
CASSQFGQGTDGYTF,KQWLVWLLL,A*02:06,0
CASSQKRDGQGTDTQYF,TYGRPIRFL,A*24:02,0
CASSPKTGSISGNTIYF,LIYIFEYDK,A*03:01,0
CASSPVSAGQLMGEQYF,RQRTRTTV,B*08:01,0
WGYSTGELFF,KKSGGFRIVNMLKRG,A*03:01,0
CASSPTGGAGLKQYF,RLWGMDIDPYK,A*11:01,0
CASKELGRTEAFF,FLCPGLLKEVY,B*15:01,0
CASSQRGLAGANVLTF,AVAAGAGK,A*03:01,0
CASSLVAGESHEQYF,HLYRCRLSSL,A*02:01,0
CSARTLGVFGTGELFF,RMLHWENPV,A*02:01,0
CAWSKRSLEPQHF,GPLIEGNTSL,B*07:02,0
CATSSVWGPNYEQYF,FYMGAGGPL,C*07:02,0
CASSLGEPVNTGELFF,VMLENFRNLLL,A*02:01,0
CASSYSPTRGSYNEQFF,QYLIIQNTTW,A*23:01,0
CASSVGKQAGGSSYNEQFF,LYIVDGMAQLM,A*24:02,0
CASAPDGTHTGELFF,RSKGDIGA,C*03:03,0
CASSQGVGPSYEQYF,VAHFQLQMLK,A*30:01,0
CASSYMGQGHYEQYF,NFDEVQSFLLH,C*04:01,0
CASSSADRALTEAFF,FVTFSCHGADK,A*11:01,0
CSASHRLPRAGSTDTQYF,ALHWVAVR,A*03:01,0
CSVEHARGDEQYF,RYKSHGKGY,A*30:02,0
CSVETGRGYYGYTF,LVLLFLRDPYV,A*02:01,0
CSVDRTHYGYTF,STAKSTTWTY,B*15:01,0
CASSVVAVTPYGYTF,ELRLKSFL,B*08:01,0
CASTRGQGAVSGELFF,VLAYLQIFR,A*11:01,0
CASTPAAGGARSYNEQFF,LLMFPSTTA,A*02:01,0
CASKRGEGVSDTQYF,GIIAAQPPNFL,A*02:01,0
CAITPTSGIREQFF,RQMAAILLRR,A*03:01,0
CAYHRDRVSNSNYGYTF,LVFAICYLPI,B*51:01,0
CASSARGRTQYF,RTAPHGHVM,B*07:02,0
CASSLPLTGTEAFF,RMCDVQVHK,A*03:01,0
CASAFGRGTDTQYF,SLAHHIQLIF,B*15:01,0
CASSDSGGPMSEQFF,SFVALSTCHEL,A*24:02,0
CASFQTGNQPQHF,QFKRRLIHM,B*08:01,0
CASSDPPGTATAYGYTF,MASISSFLLV,A*02:01,0
CASSIEPLANTGELFF,CPFRPPAMLFH,B*07:02,0
CASSLSVMGGRKYGYTF,RVKMVWYK,A*03:01,0
CASSLWPRGMGQPQHF,QPAAHIISELI,B*07:02,0
CASSGRTGMPSNYGYTF,IFFLGLILF,A*24:02,0
CASSFSGHTIYF,RLGVRATRR,A*03:01,0
CSASKQAGELFF,AICSVVRR,A*11:01,0
CSVKKSNTIYF,FLLQLPFRG,A*02:01,0
CASSSRGAGRANHQTGYEQYF,SSLKTLMSHY,B*15:01,0
CSAERRGQTRETQYF,YSSHRHLHVVY,B*15:01,0
CATSRDFAIPTRGANVLTF,EPDKHFSHY,B*35:01,0
CASSTGQAERNRPQHF,ELTLSRVAAALAGRT,A*02:01,0
CASSPRTRQLSSYEQYF,AQAVDRNEIEQWVRE,A*02:01,0
CASSQALGGGVDGYTF,DEERCLCPWSL,B*18:01,0
CAIGSGPTTSYGYTF,GLVEVEKGV,A*02:01,0
CSASGWVTGFMSEQFF,FRIVNMLKRGVARVS,A*03:01,0
CASSTKPSNDSPLHF,KTNRIALI,A*30:01,0
CASSEVSLSGNTIYF,PPQLSYTEL,B*07:02,0
CASSQVSADFNQPQHF,RTMKSYFAI,C*04:01,0
CASSGGAGFTGYTF,IISDGGCTCPV,A*02:01,0
CATSLTPGSSYEQYF,TIKIKILPI,B*08:01,0
CASSYAGYYVGYTF,ETACLSKAY,A*26:01,0
CSATLASYEQYF,SLSEECYWSLL,A*02:01,0
CASSPRIFDYGYTF,IQANALPLM,B*15:01,0
CASSATRQGFMNTEAFF,FLAADGHPA,A*02:01,0
CAWSVGGFPPGEQFF,REHAGCRFRF,B*18:01,0
CASSLAIDLRRPYEQYF,ASFCGAVFCKY,B*15:01,0
CSVFKSGETQYF,DETGVEVKD,A*02:01,0
CASSVGMSRGDAQEAQYF,FSPEFSEFFI,A*02:01,0
CASSYRGRQAHGYTF,VMLYTMLVGR,A*03:01,0
CASSERGDRGIEAFF,MLLAIPEAVF,B*35:01,0
CASSPWMLQGVPPSGANVLTF,FLFLELLHWF,A*02:01,0
CASSLDRELSGAFF,GPPDRCQPA,B*07:02,0
CASSPRYKGTLGEAFF,VLIDAVVDGQV,A*02:01,0
CASSVWDRETQYF,HLVMNLPA,A*02:01,0
CASSRGASATNEKLFF,ALAFTPVEQVV,A*02:01,0
CASSLVQVVGTDTQYF,SNGNRTLTL,B*08:01,0
CASSVVRTSGKNTEAFF,KVHTGERPYK,A*03:01,0
CASSLPGGGIPSTDTQYF,LYKEKYSL,B*08:01,0
CASSLGQAGGGADTQYF,YRTHCQRIL,C*04:01,0
CASSLPGTGRGEQYF,KLAAHLRRK,A*11:01,0
CASSHQDRDQYF,EAKRRNMI,B*08:01,0
CASSSSVLNQPQHF,YIAQFKGAW,B*35:01,0
CASSLARTSGSIYNEQFF,IARQKKMKL,B*08:01,0
CATSHGQGAFGYTF,DSKKKLSSL,B*08:01,0
CSVRWTGQSGELFF,ELFDPNQSPQV,A*02:01,0
CASSLLRAGGRAVETQYF,APAHISTI,B*07:02,0
CASSPRPRGTETQYF,GTSSVVQRK,A*11:01,0
CASSRGDAYTEAFF,SSKKVMRTK,A*30:01,0
CSVLGTSGKYEQYF,KPGASAALQSRRSTG,A*03:01,0
CASTQDRGFYGYTF,GLYLSQIAV,A*02:01,0
CASSARLAGYGTDTQYF,IMAHCILDL,A*02:01,0
CASSLATGRNNSPLHF,KYCDPNVLL,A*24:02,0
CASSPGQVKGGELFF,ILKEPVHGAY,B*15:10,0
CASSRVNEVVYEQYF,WSIEVICYILV,A*02:01,0
CSGGRDSYEQYF,TLMIERFVSL,B*08:01,0
CATSRVGGTTNEKLFF,SAFPTTINF,C*02:02,0
CASRVGGRWTEAFF,LVRDRWQKVLV,B*07:02,0
CASSQGGQGLRYEQYF,YLRKHFSM,B*08:01,0
CSVEPGQGLYSVGGYTF,VLFTCVPAA,A*02:01,0
CASSQPTGGHGANVLTF,RLDWYSLMTSL,A*02:01,0
CASSYHGQGPQPQHF,QFAVGSYVY,B*35:01,0
CRVGADMAEAFF,TRLLQTGIH,B*27:05,0
CASSLTTGQGGRTEAFF,GLVDLFVFST,A*02:01,0
CASRDGTIKLDEQFF,ASKKKLVGI,B*08:01,0
CASSNKVLLGGGYTF,SRHNERRFL,C*07:01,0
CASSYWRQGNEQFF,GPAGRIGGNF,B*07:02,0
CASSYSSWTDTEAFF,PTRQKLTNI,B*08:01,0
CASSHPPGAGQMNTEAFF,RPRKTKLGSM,B*07:02,0
CATSAGRGTEAFF,FMAFVAMVT,A*02:01,0
CAIARLAGVRNEQYF,SMLHFVTSICA,A*02:01,0
CASRAGTSGSDGFF,LPATGWTKS,B*07:02,0
CASSPTWGVHEKLFF,MPRAPRCRAV,B*07:02,0
CANSLEGFSNQPQHF,HMYIFPVH,A*03:01,0
CAISGQASGEAFF,VIADPSRK,A*03:01,0
CASSLDQMWQNIPGLAVHEQYF,WLINIENSRSL,A*02:01,0
CSVAEGYRNIQYF,VVIPDYNTYK,A*11:01,0
CASRLEGPDGYTF,HSRNTHLGKKK,A*30:01,0
CASSFIWGSYTDTQYF,WPTRVCADV,B*07:02,0
CAWSIQRGDRGRGRTEAFF,WLNGFSVAML,A*02:01,0
CASSVPGLAGGIEQFF,KIQTNRNTVK,A*03:01,0
CSARDRGQKQFF,SPEYTGLSTT,B*07:02,0
CASSLVYSGANGLTF,CSQSSGILSR,A*11:01,0
CASFDRGLTDTQYF,EEWERCQSF,B*18:01,0
CASNGGAIQETQYF,VVIPDYNTYK,A*11:01,0
CASSIGLAGGGSETQYF,ILPFTPEFLV,A*02:01,0
CASTPGEGWKDTQYF,GFREGAESELM,C*04:01,0
CASSLGVSGREFF,FQHPYDQAHLL,A*02:01,0
CASSQERHSSYEQYF,LSSSGAPSLK,A*11:01,0
CSARQGKENYGYTF,DEHRKLITQL,B*18:01,0
CASSFSGRVGPKETQYF,LYIVDGMAQLM,A*24:02,0
CASTRGGVNNEKLFF,AIREKIKQV,B*08:01,0
CASNVRPGQPQHF,SVWILCDAHCL,A*02:01,0
CASSLDLAQGTQYF,ALAAGSCLV,A*02:01,0
CASRVSAGGYTF,RPKPLLLKL,B*07:02,0
CSGLGQSSGNTIYF,SMVPREAAFIL,A*02:01,0
CASSSYGEAGETQYF,TSNSFDVLK,A*11:01,0
CASNFGPNGEETQYF,GEIHAVPF,B*40:01,0
CASRGGHREQYF,LLVFAICYLPI,A*02:01,0
CALRPSGSDEQFF,KADISSWFM,C*05:01,0
CASGLSSSGRETQYF,ILGFVFTLTV,A*02:01,0
CSADGRSRVDEQFF,RAGLQVRKNK,A*03:01,0
CASSQDPERGGYGETQYF,LPCMRNTHV,B*51:01,0
CASRSKGASNPQGYTF,LPDSLTQVI,B*51:01,0
CATSLAGALHF,ITRTVSANTV,A*30:01,0
CSSSFMEETQYF,SPNLAWPLI,B*07:02,0
CSAAPLAGELQETQYF,ALPDSLTQV,A*02:01,0
CASSRWLEFEDTQYF,KLNDLCFSNV,A*02:01,0
CSVRDSATYNEQFF,ILLAVLQEI,A*02:01,0
CASSQDPGQGKGANVLTF,TAKSSVSNAPPVASP,A*03:01,0
CASSFGGPAWAQHF,TLLQGEYPPQL,A*02:01,0
CASARGRFGDNEQFF,FLIEHQRA,A*02:01,0
CAWSNLRTSGGPPKQFF,ALAVKALYPV,A*02:01,0
CSAIGGAGGRSYNEQFF,GPRWRSWLV,B*07:02,0
CATSDLLGSSEQFF,SSFHALEEK,A*11:01,0
CASSNDRDRGDTGELFF,RTSFKHHQLR,A*11:01,0
CASSLRDSPLGTEAFF,KMPEMHFKALK,A*03:01,0
CASSPDGGPGGTQPQHF,SLNRLLKV,A*02:01,0
CASSKEGFDNEQFF,FSRSRDLL,B*08:01,0
CASRPFTGVETEAFF,RLFDEGKLKA,A*02:01,0
CASHWGTTYEQYF,ALCTFLLNK,A*11:01,0
CSAGTPLAGGYEQYF,EMKEGRYEV,A*02:01,0
CAWTGTGVGGSPLHF,LLMGSSDLA,A*02:01,0
CARLGPYNQPQHF,VLMPTVLQA,A*02:01,0
CASSSTGMAQETQYF,GPAESAAGL,B*07:02,0
CSATRQAPTEAFF,RPTGKVTL,B*07:02,0
CASSLGRGGRALYEQFF,RLSFSGPALL,A*02:01,0
CSARPLNRGEWQETQYF,CPASSGGSGL,B*35:01,0
CASRAPASIMDYTF,SIGDYYTCAR,A*11:01,0
CASSLENRPTEAFF,EIKFKDVL,B*08:01,0
CASKLSAGIDTQYF,RLRERKQL,B*08:01,0
CASSLASGTGEQYF,HLEDFLLHI,A*02:10,0
CASSLLVRSSGSISYNEQFF,DIDLLLQRG,A*01:01,0
CSARVKNRVNSYEQYF,SYPQIQNNLW,A*24:02,0
CASSHHRPPEAFF,KVGNFTGLY,A*11:01,0
CSARGWSASSYEQYF,ALIRPLQQL,A*02:01,0
CASSPSYRTGQPQHF,DAKKMIVLALTRGNK,A*02:01,0
CASSLGKLTYEQYF,LPVLGSSTVV,B*51:01,0
CASSLVGLKVAFF,VLSWLLKYKI,A*02:01,0
CASETSGDGDHEQFF,AIMDKKIIL,A*02:01,0
CSVAEGRGEQFF,SRFGGAVVR,B*27:05,0
CASGTRTDADTQYF,VFLDCLELY,A*24:02,0
CASSPPGTGIHEQYF,SMAGNWAKV,A*02:01,0
CASSPNPQGGSGNTIYF,ALNPTSGSL,B*15:01,0
CSARDSGLVNQPQHF,LLLLLLLPPAL,A*02:01,0
CASTRLGGGNTGELFF,VMLYTMLVGRY,A*03:01,0
CASASLGPNEQFF,WLIDMKSLV,A*02:01,0
CASGDVQETQYF,ASSYIILAM,B*15:01,0
CSATGDRESSPLHF,RARARFEWL,B*08:01,0
CASTPRRTTTLNTEAFF,VMLENFRNLLL,A*02:01,0
CATMESGRVEEAFF,EPLEGDHVF,B*51:01,0
CASSMIFQYYNTEAFF,RSYGDMHSFVR,A*11:01,0
CASSLDRAGSGVSSYEQYF,VYNLGNREAEL,A*24:02,0
CACQGSYTGELFF,LESLSAESY,B*15:01,0
CASSYWPEGSGANVLTF,VVTAVLILV,A*02:01,0
CASSLTRGSVGELFF,PLIYFLFLPL,A*02:01,0
CASSFDPGTRDEQFF,DMWSIEVICY,B*35:01,0
CASSLVDFETQYF,KQLEDEEV,A*02:01,0
CASSQEGQGPNTGELFF,AIMDKKIIL,A*02:01,0
CSARSLLLADTQYF,YHGSYEAPTQGSASS,B*35:01,0
CASSIDSAQTGELFF,LIFLLVLLDY,A*11:01,0
CASSWSGKAKNIQYF,RSQWVLRGAK,A*03:01,0
CARERELGWNEQFF,SSHRHLHVVY,B*15:01,0
CASSEGLWDGYGYTF,AYFKDCVFK,A*11:01,0
CASISTGVQFF,VLLSPRWEL,A*02:01,0
RASSLTGNGLPYEQYF,LPENLRNIK,B*07:02,0
CASLREMTEAFF,AMCRTPFSL,A*02:01,0
CAQAREAGQLQETQYF,CFKNKKAI,B*08:01,0
CAGRADWTNTEAFF,SLLEIGEGV,A*02:01,0
CAWRERVSNTEAFF,KQSKIVFSV,A*02:01,0
CASSFGDRIGNTIYF,TKKRRRHKV,B*08:01,0
CASSYPGQELLDYGYTF,RMCDVQVHK,A*03:01,0
CSVYPGQGRNTEAFF,SLLTTDDAVV,A*02:01,0
CSAPRFGGENYEQYF,LYIVDGMAQLM,A*24:02,0
CAISVGQGSPYEQYF,FVERYLGLY,A*01:01,0
CASSLDRGTSGIYEQYF,QSSMHNALHIY,A*01:01,0
CASSLGGARRNTGELFF,KIQTNRNTVK,A*03:01,0
CSARDLGTSRNNQPQHF,RQDHRRKKAL,B*27:02,0
CASSGGGQGLYEQYF,VQDKCVEML,A*02:01,0
CASRGGVSPRYEKLFF,ALVVSQLLR,A*03:01,0
CASSLPRGPVQMGNEQFF,LLMPLKAPK,A*11:01,0
CASSSVREISGANVLTF,RPQVRKQL,B*07:02,0
CASRSETSSPARDQPQHF,LMHAPAFET,A*02:01,0
CASIPDRSPSYEQYF,PRHMMHPSFAGMVDP,A*02:01,0
CIGVDRSVKNIQYF,RLLKHIFST,A*02:01,0
CASSYSSGPSEQFF,SLFALGNVI,B*15:01,0
CSVEQGYRTGELFF,IIMLSSNVINF,B*15:01,0
CASKPRQGAYNEQFF,GSKVFSINNK,A*11:01,0
CASSQGQVPNIQYF,SVRPRPEL,B*08:01,0
CASSPFNGGDTQYF,AAWVSETGK,A*11:01,0
CASSINWDSGANVLTF,KYYAGLPPEL,A*24:02,0
CASSDSTSSAYNEQFF,PPPSRPISPA,B*07:02,0
CASSVEGVIGDTGELFF,KDKPKEIV,B*08:01,0
CASPATQGNTEAFF,MVMRARDSVY,B*35:01,0
CASSFSVPEVYEQYF,FIPKFVSFL,A*02:01,0
CASSLRKTGTYEQYF,YEWVLIAGYII,B*18:01,0
CASSILGVVGF,ALCVQPHYITV,A*02:01,0
CASSLGQFTGDTQYF,VYDLANNTL,A*24:02,0
CASSLLLITDTQYF,FLPRPPLPPSV,A*02:01,0
CASSSSPGTGVGELFF,SPRDEKEEMM,B*07:02,0
CASSSPLGTSGGVGETQYF,EAYFKDCVFK,A*11:01,0
CACTAGVRTDTQYF,KINLSLFAL,A*02:01,0
CASSDPGYPEGKLFF,TQLLCCQPGL,A*02:01,0
CTARDPRGTDTQYF,ALIRELQQL,A*02:01,0
CASSQGQRSSTF,YTMYIFPV,A*02:01,0
CASSETGLAGVISYNEQFF,KSKFLPSISTK,A*11:01,0
CASSFLNDYNEQFF,GADEDDIKA,A*02:01,0
CASSDSRTDSGANVLTF,DTRVPDPQEGTRQVM,B*35:01,0
CASSEVPLVAKNIQYF,RPTGKVTL,B*07:02,0
CASSSRTAHQPDTQYF,KMYHHCPWV,A*02:01,0
CASRVEPAGNSPLHF,IVAADLIMTL,A*02:01,0
CASSLDWDPSTRYTF,KMANDIRFL,A*02:01,0
CSVADGTGFQPQHF,SQYYDVMYSKK,A*11:01,0
CASGSGEGISGYTF,LKRIKSDM,B*08:01,0
CASSTTGEDTIYF,FTLEGGHRA,A*02:01,0
CASSSRDRLDSPLHF,ANDPIFVVL,C*08:03,0
CASRLAVNPAYEQYF,APRGPHGAAASGL,B*07:02,0
CASSDRTGGNQETQYF,KFLPSISTK,A*03:01,0
CATRGGAVATEAFF,LDRYRSDMM,B*08:01,0
CASTMDPMDEQYF,RSSSRLGVNEK,A*03:01,0
CASSPKAGAFNEQFF,DVIQQDELDSY,A*25:01,0
CASSYGGPGLYGYTF,LPSWGASQQAL,B*07:02,0
CAWGVNSFNEQFF,LPPALLSSGAA,B*51:01,0
CASSWTSGDSGANVLTF,FLLQNPCPL,A*02:01,0
CSVPGQASWNEQFF,MHPSFAGMVDPSLPG,A*02:01,0
CASSGLAYNTGELFF,RQMPLSSAV,A*02:01,0
CASSPSSVDRNNQPQHF,SVRPRRHV,B*08:01,0
CAWSYVGGTEAFF,THEVIVPL,B*39:01,0
CASSVRSLYSNTGELFF,KISDRYYLL,C*04:01,0
CASSQDVLRGQGTGELFF,VSSAVPTSW,B*57:01,0
CSSSLGQGYAFF,ESAPINTPL,B*07:02,0
CASSQDIAEVYEQYF,RAGLQVRKNK,A*03:01,0
CATYRLPGHSNTEAFF,YLKLMVEL,A*02:01,0
CASGSQGFGQFF,HPRAHRVQL,B*07:02,0
CASSLGGDTQSYSPLHF,APEEKIWEEL,B*07:02,0
CASSSSLWNTEAFF,FRIVNMLKRGVARVS,A*03:01,0
CASSFGGVEAYEQYF,KQAPGDQVTEI,A*02:01,0
CASSSERGTYYGYTF,GQKGNIGPPGF,B*15:01,0
CSARSAGSPQNIQYF,PILENPFFSIF,A*24:02,0
CASSLAMEGYEQYF,GPRGRHAI,B*08:01,0
CASSGTEPNTEAFF,RAFDIYNDK,A*11:01,0
CRDSNQPQHF,STDGNKIADKY,A*01:01,0
CASSLSGVGDTGELFF,SVISQLMK,A*11:01,0
CSATSGAADYNEQFF,IHYTAQIILAL,B*39:01,0
CASSSRTFFNTGELFF,NSLIQRINLKK,A*11:01,0
CASSLYRGDSYGYTF,QQGSMASGK,A*11:01,0
CASSYPPGLVRFGEQFF,ALSVMGVYV,A*02:01,0
CASSEREGRGANVLTF,CPLSRNITEW,B*51:01,0
CASRTYRGRGYNEQFF,IQFAAQAVDRNEIEQ,A*02:01,0
CASSPPPLAVETQYF,LIRSRFSL,B*08:01,0
CASSLYPDLSVYTIYF,KIVEAQSGVK,A*11:01,0
CSVLAGGTGEQYF,AAWVSETGK,A*11:01,0
CAAQQGNEQYF,SSSITTTK,A*03:01,0
CSAREAPGQGYEQYF,LQYGWKTW,A*32:01,0
CASSEYGGRRTEAFF,RLESLSAESY,B*15:01,0
CASSIRGQINYGYTF,MAHVSVVPVF,B*15:01,0
CASSPNMDRGRRGYTF,ALSSSPSSR,A*11:01,0
CASSPAVGNNNEQFF,LHSEAAYTL,A*24:02,0
CASSLDLGQLEQYF,DHFGMKDSLVY,B*18:01,0
CASSRSGTGKQETQYF,HQRMHTGEK,A*03:01,0
CASTEWREGGELFF,HPHHYTRRRI,B*07:02,0
CASSAGTGGRKLFF,VSDQFSVEF,C*05:01,0
CSGGRDAYEQYF,VLIAGYIIV,A*02:01,0
CASSDTAVSTDTQYF,LMILSANWAYV,A*02:01,0
CASSGAGEDTGELFF,LVFVGLFAF,B*35:01,0
CASSVEGSAGEQFF,KSKFLPSISTK,A*11:01,0
CATARQGRNQPQHF,HTMWHVTRGAF,A*25:01,0
CASSLIFDWPPGTDTQYF,RYKLEGYAF,A*24:02,0
CASSYSDRALDTQYF,RPTGKVTL,B*07:02,0
CASGGTFPYDNGYTF,LVLRDLKLRK,A*11:01,0
CATFGTSGSGSYEQYF,VLAVKRTVF,A*24:02,0
CSARDYAGGLDTQYF,AQAPSLWGA,A*02:01,0
CSAPHRYTYEQYF,SLASSSASQ,A*03:01,0
CASSQLRSGLQYF,VLHFKNSYHNL,A*02:01,0
CASQLGGRRPHEQYF,IKLIDIALSK,A*34:02,0
CASSIVPQTGANVLTF,ATFLCPANV,A*02:01,0
CASSIMGSPSTDTQYF,RMYSGALL,A*02:01,0
CATSDLAQASTDTQYF,SPVPSFSPAK,B*07:02,0
CASSVRQGVRSPLHF,ILAPEAVGSGI,A*02:01,0
CATSPSDRPRETQYF,ALTRGNKPRRMMMKM,A*02:01,0
CASSEAGAEGQETQYF,KLYEEAGDVFL,A*02:01,0
CAISRTSGVETQYF,QVMPIACGNK,A*03:01,0
CASSPQTGFPNTEAFF,GLGGLGLFFA,A*02:01,0
CASSLAVDGGYGYTF,SQLRKSRLGPK,A*11:01,0
CASSLQLGHQPQHF,NLVPKVATV,A*02:01,0
CASSSRLPEHSGANVLTF,IPLSIISVY,B*35:01,0
CASSFPTSSQGGNEQFF,KQLDEWLKV,A*02:01,0
CASSRIDGAGRTYNEQFF,RLHPTPVTPR,A*03:01,0
CASNSQTNTGELFF,FQANFSQTW,B*15:01,0
CASSLSGRSFLFNQPQHF,LTAEKLCIY,A*01:01,0
CSASRPISEETQYF,FPKQDGGTQK,B*07:02,0
CASGGYAGETQYF,HIFKICGQHTK,A*11:01,0
CASSDVSGPSYNEQFF,FHPPPTSLI,C*04:01,0
CASSGGGRNSNQPQHF,HFWQGMPPHML,C*04:01,0
CASSYQARGETQYF,QIFLSEIRWEK,A*03:01,0
CASSLQDKAYNEQFF,FVLNGGGEV,A*02:01,0
CSVNPTSYNEQFF,FYQIRKPPWL,A*24:02,0
CASSVTGRGLNNEKLFF,LLCCSGVATA,A*02:01,0
CASSRGSGRAVDEQFF,FLTCDANLAV,A*02:01,0
CASSWWKRDPDNEQFF,VLPPCIISGGI,A*02:01,0
CAISGWGTRGELFF,LSSSGAPSLK,A*11:01,0
CASSPLGIQGNTEAFF,IPSVILDWSF,B*51:01,0
CATSDRKTGNTIYF,FSMAKTSTSL,B*15:01,0
CASRQQGASLHF,LQEEAHVPLQF,B*15:01,0
CASSLGTWATTDTQYF,RFREELEGPPL,B*07:02,0
CASTSPRHTQYF,MAWQGLVLA,B*51:01,0
CASSEFGSPLHF,TLSGFFLRTLY,B*35:01,0
CASSLYERLGNTEAFF,SADGGGLS,C*05:01,0
CASSPASQAPYEQYF,IVRHKQNI,B*08:01,0
CASSVIPQVQETQYF,ATPKYSNSLK,A*03:01,0
CASGLGRINEQFF,IILMLVTNR,A*11:01,0
CASTPVQGAFATNEKLFF,TRNPQPFMR,B*27:05,0
CASSQEGWDREYEKLFF,YMWLGARYL,A*02:01,0
CASSTGQRPAFF,YNFEMLQQHAV,A*02:01,0
CASSLGQGGINGEKLFF,MYSRAQVELNL,A*24:02,0
CSAKTGTGDSPLHF,LKRIKWMDV,B*08:01,0
CASSPSLGRVDIQYF,LVWMACHSA,A*02:01,0
CASSPRSGMYEQYF,FPVEKQLDL,B*07:02,0
CASSRPGTAYTEAFF,RLYSKQVTIAI,A*02:01,0
CAISGPSANNEQFF,ILAENTALYF,B*35:01,0
CASSQVTTGRWNTEAFF,SYSHKVDIFFL,A*24:02,0
CASSLGGTGAVEAFF,AVTALTIAY,B*35:01,0
CASSQDSGRSDEQYF,YMAPLCLMVL,C*04:01,0
CASNLLKDTQYF,MMYRTHCQRIL,C*04:01,0
CSARSPLAGAYEQYF,KPASSRVSGPQ,B*07:02,0
CSASSGRFGNEQFF,YYHTTDPSF,A*24:02,0
CASSGQRQGMSEAFF,ILDSSEEDK,A*01:01,0
CSARARVPNSNQPQHF,TAYPNSIPLV,A*02:01,0
CASSPKSGTGSHGYTF,EPDMDSTESWI,B*51:01,0
CASRERRTSGSGGTGELFF,DAQLNDGAM,B*35:01,0
CAWETGGLPQHF,HYQTLCTNF,A*24:02,0
CASSFLHSNTGELFF,SLFRAVITK,A*03:01,0
CASSYRGERTLSSTDTQYF,LSKLKSLYL,B*08:01,0
CAIRRDRSGNTIYF,GIAMTDTTPYGQQRV,B*35:01,0
CAISESGAEGQYF,CWRGGQVSL,C*07:02,0
CSVQGLADLSYNEQFF,LSVEFSEMM,B*15:01,0
CASSQRRSALGETQYF,YIAQFKGAWIL,B*07:02,0
CASSPTVGGRTNEKLFF,SKKIKLDRL,B*08:01,0
CASSSGPTFGTGELFF,VMLYTMLVGR,A*03:01,0
CASTRDRGRHNEQFF,SVTSLLYPHSL,B*07:02,0
CASSQSGQASFYGYTF,LPQQFHLKIL,B*07:02,0
CASSNYGTGNQPQHF,LPGLPGNGL,B*07:02,0
CASSSERKSSPLHF,KTNRIALILA,A*30:01,0
CASSPRDVGAGELFF,FTGSEVENV,A*02:01,0
CASLLQGSRSPLHF,NYNPGTLSSL,A*24:02,0
CASSENGPSQGSGYTF,VYSYAHGWMF,A*24:02,0
CASSPRDLSEKLFF,ALHWVAVR,A*03:01,0
CASTLGLAGTEQYF,RDIYISRRLL,B*07:02,0
CSARDLSLAGGGDTQYF,ETMQCSELY,A*25:01,0
CAISERGSSPLGYGYTF,RQDEGSEATGF,C*04:01,0
CASSDTFVSGRVRGKQFF,NLVPAVATV,A*02:01,0
CTSSSGAGGETQYF,SMMPEAMTIV,A*02:01,0
CASSSDAPAQYF,AVVIVGLHGV,A*02:01,0
CASSIVGTAPGGYTF,IPSSQKQSF,B*35:01,0
CASSLFKAGGSEEQYF,SVMDSIDVKI,A*02:01,0
CASSQSQSSMNTEAFF,AVMAAAQAYKTAA,A*02:01,0
CASSPRHGDIQYF,KLARHYLIHTV,A*02:01,0
CASSYSLRGANTGELFF,LTLKGTSYK,A*11:01,0
CASSREQGALYTF,APNSPMAML,B*07:02,0
CASNKPALNTQYF,RSLPGKPSK,A*11:01,0
CSARARLGTGGSNEKLFF,SQLGGLHLL,A*02:01,0
CASIPRGASNQPQHF,THNLIFVFYML,B*39:01,0
CASSLTTSGQGNYGYTF,ALYLLSKSFRK,A*11:01,0
CASSLDTGVEKLFF,FPVKPQVPV,B*07:02,0
CASSLAGSWVGSYEQYF,LPENLRNIKF,B*35:01,0
CSASLVAGSDYEQYF,GKRVATPHASARAQ,A*68:01,0
CASSTWTEKKLFF,NLSHCVSCIGK,A*03:01,0
CASSQALTLPHTF,TSLNFLGGAPK,A*11:01,0
CAISPHEDSGANVLTF,TMLTKTWHSSA,A*02:01,0
CASSPYGTSGTGGYYEQYF,VSNMAEVRSY,A*01:01,0
CASSYSQIHRGRRPNGLEQFF,RVSGPQEAM,B*07:02,0
CSAPRLQRNTEAFF,NVDVSSTIY,A*01:01,0
CASSALTTGNYGYTF,EENANFYKIF,B*18:01,0
CAWSGLWAGVHEQYF,AMASASTSA,A*02:01,0
CSVSTQGQVYGYTF,KLIPSWASV,A*02:01,0
CASSTGLDPGYTQYF,TSNSFDVLK,A*11:01,0
CASSMKGSTDTQYF,QSYTWSLTY,B*35:01,0
CASSSIGGGGREKLFF,FLMASISSFL,A*02:01,0
CASRGLGSQDRQGGGQETQYF,LLWAGPMAV,A*02:01,0
CASSFNRAASEQFF,GGFSFRFGR,A*11:01,0
CASSLRWTSGNAEWEQYF,LVLPSIPSVI,B*51:01,0
CASSSGMVAYGYTF,VREFAYQGFDARRVI,A*02:01,0
CASRSGQYSLEQYF,LSQRTRDIYI,A*30:01,0
CASSPDYAVETQYF,SVFNTWNPM,C*12:03,0
CASSLLMGAGNTEAFF,MECSTVFPGL,B*18:01,0
CSASGLAGGQGNEQFF,GLAAIDLIL,A*02:01,0
CASRHNQGETQYF,LLKQYGGADWEKDAK,A*02:01,0
CASSPTAGVSYEQFF,RLPLHLYDI,A*02:01,0
CASSNGGTGGRGQYF,AEIPKEEVKPF,B*07:02,0
CASRAQGVGNEKLFF,AKNCGIAIPV,B*07:02,0
CSAGQHRVNTEAFF,ALLAVGATK,A*03:01,0
CASSQGSGGLTAEYF,TRQVMSMVSSWLWKE,B*35:01,0
CATKTGFTTDTQYF,KARTGRTCL,B*07:02,0
CATSETGDGAFF,VPKKTPSL,B*07:02,0
CASSYTIVNQPQHF,TTWQRPIMESV,A*02:01,0
CASTRTGGRNNEQFF,FIRLKIDPL,B*08:01,0
CASSSSGASDWETQYF,ILDEATSAL,C*05:01,0
CSVGKPSLAVEETQYF,RPCPGDTTEV,C*14:03,0
CASRVTGEPNGYTF,FSNSGSDVLY,A*01:01,0
CASSLNRDKSPLHF,APPSADSGAL,B*07:02,0
CASSHGQFGYNSPLHF,FPNVKDLNLPA,B*51:01,0
CAERVGLARLSSYEQYF,HQKVKGQWV,B*08:01,0
CATSDFRGLPGQRNYGYTF,LLYPHSLSSKL,A*02:01,0
GTGLPRGSNQPQHF,LIRSRFSL,B*08:01,0
CASKPSGHHSGANVLTF,FLRRIRPKL,C*04:01,0
CSATPTSGADFIAKNIQYF,LVLAVGPAY,B*35:01,0
CASSQGGRPTF,SEYEHMQHFPG,B*18:01,0
CASSYSHGRGDTEAFF,LQYGWKTW,A*32:01,0
CASSQSTGNDLWRNQPQHF,SLTQVIRKF,A*03:01,0
CSADPWTAQETQYF,SSFPKPPSF,B*15:01,0
CASPPPGSIAEQFF,RPSDREEWEEL,B*07:02,0
CASRTTTGFENTIYF,VIADPSRK,A*03:01,0
CASSQRKALDAKFF,NLVPKVATV,A*02:01,0
CASSPLYPGDSYNEQFF,LLMTGGVTLV,A*02:01,0
CASSLERSNTQYF,IPIPSSWAFAK,A*11:01,0
CASSLQGDGFRYEQYF,TMRLRHLAF,B*08:01,0
CASSQALIHGYTF,GPHPRAHRV,B*07:02,0
CASSTRAGGPPRGYTF,KYTQLCQYL,A*24:02,0
CASSLASQGFRDSYNEQFF,PEILNTSGSY,B*18:01,0
CSALARVTGELFF,GMMTTQQAGYV,A*02:01,0
CASSPPWRGGGETQYF,HLNHDSVWNFY,B*35:01,0
CSAKRDGTGGYEQYF,IQINSHCFVV,A*02:01,0
CASSTAPTEVNQPQHF,AVMKFKNPLV,A*02:01,0
CASSYSIWTSGGLVGELFF,KRYGGFLRK,A*03:01,0
CASSDSPPQRGVGEQFF,EENANFYKIF,B*18:01,0
CATSRWVAGQGHGYTF,LAKFKQQLL,B*08:01,0
CASSARTAFRNQPQHF,VMNNLLPTSV,A*02:01,0
CASRLTGRRGNTF,MSQPDAQRY,B*15:01,0
CASSQDLGDRFYYEQYF,RLDWYSLMTSL,A*02:01,0
CASSQDWQGTPFPGYTF,APVFLDCLEL,B*07:02,0
CASRPQTAASYGYTF,KLCTFSFLI,A*02:01,0
CSARGFSGGYNEQFF,KQLDEWLKV,A*02:01,0
CASSQLGAERGYTF,FLCPGLLKEVY,B*15:01,0
CASSERPAGTLSGNTIYF,ALIRCLQQL,A*02:01,0
CASSWAKGELFF,AVVSLLRLLK,A*11:01,0
CASSFEWTDNYEQYF,HMLPVLGSSTV,A*02:01,0
CASSLGVEGNEQFF,HRSGSTIGKA,B*40:01,0
CASSRRQVPGYEQYF,IFLWLLWPV,A*02:01,0
CASSLGISGRAGEQFF,NYVAGGQEV,A*24:02,0
CASTQGSGSRAFF,SPGRKNGSF,B*07:02,0
CASSEAGVETNEKLFF,SINNKLVYV,A*02:01,0
CASRKDRGADTQYF,FPLVLPSIP,B*51:01,0
CASTIRLLLYHSGANVLTF,KERHRVRAL,B*08:01,0
CASVLAGGDSNEQFF,MLDMYSVML,A*02:01,0
CASSQSDRDREGYTF,NLRRRRDL,B*08:01,0
CSARDRSRQETQYF,TYNLWNTF,A*24:02,0
CASSEVSRDPTEAFF,FTELTLGEF,A*01:01,0
CASSLSHPEIRNNSPLHF,IVRHKQNI,B*08:01,0
CSAPTGWGSTEAFF,PILENPFFSI,A*02:01,0
CASQGGFQRGNEQFF,FALYLLSKSF,B*35:01,0
CASSLAIGNYGYTF,AADHRQLQL,C*05:01,0
CSVEFRFDGYPF,TEVGQDQYV,A*02:01,0
CASRLGRVWETQYF,DEHRKLITQL,B*18:01,0
CASSQGEASLFTDTQYF,VYSTGSNVF,A*24:02,0
CASSSYVLVIQETQYF,FTLERRWYNEI,A*02:01,0
CASSWASALDLQETQYF,SRMSAVAAEI,C*04:01,0
CASRIGQGAWQPQHF,FPNVKDLNLPA,B*51:01,0
CSAPWGQGFNGYTF,QTVAYSPRSK,A*11:01,0
CASSLAASSPDTQYF,FLHKGLSKPV,A*02:01,0
CATSDTGRVTEAFF,RNGYRALMDKS,C*07:02,0
CASSRSGSSSREQYF,VVWVKITQV,A*02:01,0
CASSLPSGGAVNEQFF,FHETRQYKF,A*24:02,0
CSVGGQASSNYGYTF,AMKADIQHV,A*02:01,0
CASSARVAEAFF,LAYLQIFRKLW,B*51:01,0
CAWSRTGTGDQPQHF,GVAVMKFKNPL,B*07:02,0
CASSLSIGVGGPDTQYF,DVWFQGERIAY,B*35:01,0
CASSSTGILDSPLHF,RLDSTLLLYHA,A*02:01,0
CASSPEGFLDGRSYEQYF,TEDRETVYAWF,C*04:01,0
CASQRDEGLDRADKLHF,LMTGGVTLV,A*02:01,0
CASSQVSGFDKNIQYF,IMVDGELY,B*15:01,0
CASSYIAGGFADTQYF,VVTAVLILV,A*02:01,0
CASSHTQIYGTSGYNEQFF,MLSPMLHHW,B*57:01,0
CASSFGQGARIEAFF,VAADLIMTLTF,B*15:01,0
CAISPLSDTQYF,SPAYPRHMMHPSFAG,A*02:01,0
CASSLSDRGDEQYF,LHKVKDQWV,B*08:01,0
CASSLGGAMGTGELFF,LFRYRHYI,B*08:01,0
CASRWQLDSYEQYF,GTDLMNFLK,A*01:01,0
CASSSGTSGRAHTGELFF,VLRDLKLRKF,A*03:01,0
CASSFPRGGGRADEQYF,LLPSVCCIGSK,A*03:01,0
CSVEGQATSTDKQYF,GLAPGLPSV,A*02:01,0
CASSEEGAGITATYNEQFF,ILTPVLNPI,A*02:01,0
CSVGLLAGVWADTQYF,YPPSQKTKRMR,B*07:02,0
CASSQPDSGAFTDTQYF,LRMSPVKGM,C*07:01,0
CASSYRTGRLTEAFF,SARYGNSSDM,B*07:02,0
CASSREGGFGGYEQYF,VAAKRQGSLKK,B*07:02,0
CASSQAIGQRNTYEQYF,LYLDAYNMM,A*24:02,0
CASSPKLRLAGVGDTQYF,IIIGGAKLK,A*03:01,0
CASNSRGGYVAEAFF,RGRGRGRV,B*08:01,0
CASSSSGLQANYGYTF,SLSEQLLQL,A*02:01,0
CASSVSQGVKNIQYF,FRSGLDSYV,C*06:02,0
CAWSGGAGASTDTQYF,VVWVKITQV,A*02:01,0
CASSQEETGDTDTQYF,AQAPSLWGA,A*02:01,0
CASSPGTSPTGNNEQFF,WVNGQSLLV,A*02:01,0
CASSIGSWAKNIQYF,TPRLHPTPV,B*51:01,0
CASSQDVAEWDYTF,NPLVNSLSLEF,B*07:02,0
CASSRTLPGPNTEAFF,DEHRKLITQL,B*18:01,0
CASSQGGAGIGANVLTF,YSLEYFQFV,A*02:01,0
CASSNPGTGEETQYF,RILNEGHISHF,B*15:01,0
CASSRTSEQTQYF,YNKSKRDLV,B*08:01,0
CSASGSGGTSVAYEQYF,KIINVDDEI,A*02:01,0
CASSQVWLSEVSYGYTF,ALAKETQFW,A*24:02,0
CASSESFGSSYNEQFF,FLRNIPRSIF,B*07:02,0
CVISVVGFYEQYF,SPVQTPLEVRL,B*07:02,0
CSSNPVHGELFF,FVRQKHVL,B*08:01,0
CASSRRTGQGYQETQYF,RGFPRDPSTEF,B*15:01,0
CASSKPSGTAPDTQYF,HLYRCRLSSL,A*02:01,0
CASSPKGSSTNEKLFF,GLSLYTTEM,A*02:01,0
CASSMGLAALEQYF,LPAPGGGES,B*07:02,0
CASSLEETEAFF,LLKYKIKDY,B*15:01,0
CASSLTAGLSSSGNTIYF,TPSPLRMKPA,B*07:02,0
CASRSSEIGGYTF,SLIAAFEV,A*02:01,0
CASSLKGVALNTEAFF,RPPPSRPISPA,B*07:02,0
CSVLSGGGSVIAGELFF,SYENKTMQL,A*24:02,0
CAIKTGAGREAFF,MLKRGVARVSPFGGL,A*03:01,0
CASSLADRGGLYEQYF,LLLETSWEAI,A*02:01,0
CASGLAIAGGETQYF,SYFIASFRLF,A*24:02,0
CAAQVAKNIQYF,KTQGAVAQM,B*07:02,0
CSVEETRGTPLHF,SLLERGQQL,A*02:01,0
CANSGHSKEKLFF,LLQVYCEMYGL,A*02:01,0
CASRKQGPGEQFF,EISGSSARY,A*26:01,0
CASSLVGQGSSADTQYF,FTAGLTYSQL,C*16:01,0
CATSSRTSGSDTQYF,FVLTCIIIVCF,B*35:01,0
CASKSGTSANTGELFF,YMEAVALV,A*02:01,0
CASSYRTSGRAAYEQYF,FALYLLSKSF,B*35:01,0
CASSISFSGSTDTQYF,FSPEFSEFF,B*35:01,0
CATKDYGYTF,AYQAYAAPQL,A*24:02,0
CASSPRGGAGTLNTGELFF,KLKNPKRYQIM,B*07:02,0
CASSDFSAGDLDTQYF,KVLLDILAGY,A*24:02,0
CSPGPTEGYTF,FPVKPRVPL,B*07:02,0
CASSPRDGGKSTDTQYF,MSASKEIKSF,C*03:02,0
CASSETSYYEQFF,GSYVYSVAK,A*11:01,0
CATRGTGWRDEQYV,FTLEGGHRA,A*02:01,0
CASSPLAGAPSKETQYF,APKKPKEPV,B*07:02,0
CASNYHLNTEAFF,RIQTHILK,A*03:01,0
CASNTAYQGTYEQYF,TLALPVINNL,A*02:01,0
CASGLPGPGRGNTEAFF,MLSSNVINF,B*15:01,0
CAKSAGESYEQYF,EPSQSFSPNL,B*51:01,0
CASRETGPSSGNTIYF,CPIASSPCLPI,B*07:02,0
CASSQILLAGGPNEQFF,FLAFVVFLL,A*02:01,0
CSARAGPSNNEQFF,MVDNAQLGF,C*05:01,0
CASSHEGRGTYNEQFF,THEVIVPL,B*39:01,0
CASSATGGLTGYTF,QRRGKTTM,B*08:01,0
CASSQEEPSGQETQYF,SLYCHTYAEKV,A*02:01,0
CSARGTGRLDEQYF,VDPSLPGDYLRAILD,A*02:01,0
CSVEDRVGQGAYEQYF,AYAEATSSL,A*24:02,0
CASSDPGRSSGNTIYF,TARMLMIVL,B*07:02,0
CSADRDGPYNEQFF,EHRRRQKRI,B*08:01,0
CASSHWDSLSYEQYF,RRKAMFEDI,B*27:05,0
CAHHASGQPYEQYF,KVSTFIMMY,A*11:01,0
CSARPDRDHEQFF,TLYATVGKEAV,A*02:01,0
CAYDRTGDWYGYTF,LYLLLYRHL,A*24:02,0
CASSLVNSRDYGYPF,LMASISSFLLV,A*02:01,0
CAISSGLAKAYEQYF,DPNAYSGEL,B*07:02,0
CSARSRLASSYEQYF,VADLVGFLL,C*05:01,0
CASRPGGSPSYGYTF,VYSTGSNVF,A*24:02,0
CASSSPPGTGLGEQYF,FSRSRDLL,B*08:01,0
CASSSFSAEKLFF,STKENTLSK,A*11:01,0
CASNPRGQGGRYEQYF,NVYEVVNSKK,A*11:01,0
CASSLRFPASGTYNNEQFF,VYSTGSNVF,A*24:02,0
CASSQEGRMGHEAFF,GSSIYWAY,A*01:01,0
CASSFDSSNSGNTIYF,ALLGSSCAPPL,A*02:01,0
CASSAVGVNIQYF,KMLDPRQGLAV,A*02:01,0
CASSQVKGSVLGEQYV,YIPTVLDQV,A*02:01,0
CASTDGTPYEQYF,SLKTLMSHY,B*15:01,0
CASRGLSAGSPLHF,ILKQNYFSV,A*02:01,0
CASSGQGVVGNQPQHF,LNMETLNMTM,C*16:01,0
CASSRTGTGGRRGEQFF,FASGTSYHLSL,A*02:01,0
CASSWGTDPTYEQYF,SWAAVTLLLLL,C*04:01,0
CASSPTVGGATDTQYF,RFRHREDRPF,A*24:02,0
CSLSTGKGYTF,RVSRPTTVV,A*02:01,0
CSASSGTTTIGEQYF,GLGSPTVYK,A*11:01,0
CATSDQLAPDYNEQFF,RREPTDAMGGL,B*07:02,0
CSAARSYNEQFF,LLPSVCCIGSK,A*03:01,0
CASSPLAYVETQYF,FRHHRYDDL,C*07:02,0
CASSDPGFYNSPLHF,FLSFFTPST,A*02:01,0
CASSPRQNSEQFF,NLVPAVATV,A*02:01,0
CSVVNRGRDTQYF,KISDRYYLL,C*04:01,0
CATSDSRGGQSSYNEQFF,TVNMHRLHVK,A*03:01,0
CASTVRPYSNQPQHF,STLQGPPGTGK,A*03:01,0
CATVVVPYEQYF,QLLQFESQV,A*02:01,0
CASSQPTGPRGDNEQFF,YMCTHRLLLL,A*02:01,0
CASSTGIGQFF,CRRRNGYRA,C*07:02,0
CAGSYQPEGRSYNF,ATWASHIHLVI,B*57:01,0
CASSVSMNGRTDTQYF,SVRPRPEL,B*08:01,0
CAISLTGPNSGNTIYF,STLQGPPGTGK,A*03:01,0
CASSVLEWGTGGYEQYF,TYNCTYNRL,A*24:02,0
CSAPRQVELNYGYTF,TPVTPRWPEV,B*51:01,0
CASRTDIPAPYTF,LYLALGAGF,A*24:02,0
CASSTHLYQETQYF,RLMIGTAAA,A*02:01,0
CSVEAEGPQFF,MLLIGFLSGSL,A*02:01,0
CASSERGRQSSYTF,IIWIVSCII,B*51:01,0
CASNEVGLVADTQYF,FSPEFSEFFI,A*02:01,0
CASSPKEAGPQETQYF,HIYIGIHMCV,A*02:01,0
CASSFPRLAGDAQETQYF,LLMGSSDLA,A*02:01,0
CASKGAGGPDTGELFF,FPVKPQEPLI,B*07:02,0
CASSAYVASGNTIYF,NSQPVWLCL,A*24:02,0
CASGHIATNEKLFF,SLGAQTAAA,A*02:01,0
CASSNEDRDEQYF,CYWSLLSHPL,A*24:02,0
CASSTGQQTNYGYTF,NLKRVVEDSEY,B*15:01,0
CASSVPLEGNIQYF,KLKERLDYV,B*08:01,0
CAISEYRSREQFF,ALVLLMLPVV,A*02:01,0
CASSAGFGKFF,AYLEAIHIF,A*24:02,0
CAWSGAGGPWDTQYF,YMHTDLQAL,C*12:03,0
CASSQAPSVLDTQYF,LPNHVIYLY,B*35:01,0
CAWSAEGLNTGELFF,VMLCGHDAV,A*02:01,0
CASMREGSGETQYF,AVAGVQVGV,A*02:01,0
CSVGGASGANTGELFF,SPVPSFSPAK,B*07:02,0
CATRAPALGPIRDVLTF,MVLAYLQIFRK,A*11:01,0
CASGPGRLATLYSNQPQHF,QLQREQQHLK,A*11:01,0
CASRAGLRVDTQYF,GAMETGTLYL,C*04:01,0
CSATKAGGRTGELFF,LYNSASFSTF,A*24:02,0
CASSSFTGRRNEQFF,FMRFRRAF,B*08:01,0
CASSLGDRGEPFF,FLCRFKQLL,A*02:01,0
CASSEGTDKRGQETQYF,SLQPAPAL,A*02:01,0
CATSRDDGSYEQYF,AVVIVGLHGV,A*02:01,0
CASSLSSAVTTNEKLFF,AAKDKSVI,B*08:01,0
CASSQDPAGGPGLWNEQFF,FYNIPPMPL,A*24:02,0
CAWSVLSGRVTGELFF,RRYQKSTEL,B*27:05,0
CASSSTASGRGLLYNEQFF,QFHLKILFL,A*24:02,0
CASRGHLHSGNTIYF,ASDKEQILF,A*01:01,0
CASSAVATVPSTDTQYF,KIFCISIFL,A*02:01,0
CASSALGDRIYEQYF,LSHSFNWRK,A*11:01,0
CASSQVGRDPFF,KLTADGVLTA,A*02:01,0
CATSDSAETGIFSDTQYF,TYNKEWPLLL,A*24:02,0
CASSQERTLSNQPQHF,KKKRRYKQL,B*08:01,0
CASSHALDYEQYF,ALIRCLQQL,A*02:01,0
CADIPIGLNTEAFF,HSEEGSRAY,A*01:01,0
CASSPFLAVLTDTQYF,ACQGVGGPSHK,A*11:01,0
CAITRGHNEKLFF,LSHCVSCIGK,A*11:01,0
CATDSGTGVLEQYF,SSKKVMRTK,A*30:01,0
CASSRTGMAWNTEAFF,PPSRPISPA,B*07:02,0
CASTSRDRGNSPLHF,AQALADLAGFK,A*11:01,0
CASSQSGEGRGSAYEQYF,QIDEPVSPSEV,A*02:01,0
CASSYALVGDTGELFF,SVPAEILRR,A*03:01,0
CASSYSENRVGTFF,HLYDIPGSTY,A*03:01,0
CASSPDFQPYEQYF,QPTKSRMSAVA,B*07:02,0
CASSSDRNAVSGYTF,YMAPDCRFL,C*07:01,0
CATSRVPSGQPLYEQYF,NLSHCVSCI,A*03:01,0
CASSNGTGGGRNQPQHF,TIYIFEYDK,A*03:01,0
CASPKAGRPDTQYF,PYNSVTSSI,A*24:02,0
CASSSTDTSYGYTF,GHKVIGTVL,B*15:03,0
CASSPLQGSYTEAFF,ETMQCSEL,A*25:01,0
CASSGDTGTEAFF,ALAVIELYNA,A*02:01,0
CASSQEPRDQRFF,TLLQACRSV,A*02:01,0
CSASVLADPVQYF,KFHPQRLQL,B*07:02,0
CATSREGAGAYEQYF,AQYTLMSQAV,A*02:01,0
CASSVAAGSSTGELFF,IQAPSNRVM,B*46:01,0
CASGGGTRGLEQFF,LPATLVVDI,B*51:01,0
CSARPGQGVGSPLHF,EHLSCPDNFL,B*38:01,0
CASSYAAKGQATVMNTEAFF,FYKKRFIM,B*08:01,0
CASSSRAGLISYEQYF,LSAQSHCSTY,B*15:01,0
CASSEVLGLVGGYTF,SYAYIYTTYL,A*24:02,0
CSVTMGPQYF,VSNSAYGAK,A*11:01,0
CASGGRGGPTETQYF,TMFGLPFAT,A*02:01,0
CAWRRTGASTDTQYF,RVFTEAMTR,A*03:01,0
CASSASSGESYEQYF,FFSSVTVAL,A*02:01,0
CASSIVLTQADNQPQHF,LAPTRVVAA,B*41:02,0
CATSPRTWASPSTDTQYF,HPKEYEWVL,B*07:02,0
CASSYERSGTNTGELFF,VRLWSLQLI,C*07:01,0
CASSEAAGGRFAGTDTQYF,SSKQKQQTI,B*08:01,0
CASSLTAGFNYGYTF,TPLVIKIDKPY,B*35:01,0
CASSMNPGDEQFF,ALYEKKLALYL,A*02:01,0
CASSLWAAGMGFSNQPQRF,STSGALDTIQY,A*01:01,0
CASSPSAPNTIYF,HPLKNGDIL,B*07:02,0
CAKRAGWETQYF,YANSAANPI,C*04:01,0
CASSLGDWGLNSPLHF,LRASQPQAL,C*04:01,0
CASRLAKVHF,VFYRAWHQV,A*24:02,0
CASRATTASGYTF,GVAVMKFKNPL,B*07:02,0
CASSYRVTSGQETQYF,YEKEKSFL,B*08:01,0
CASSPEVGQEQYF,SARYGNSSDMY,B*35:01,0
CASKDRGFSNQPQHF,FPVKPRVPL,B*07:02,0
CASSPPASGWSEAFF,RLFDEGKLKA,A*02:01,0
CASSVGPIGSGELFF,WAAFGGSEFFI,B*51:01,0
CASSYNRGGLGAEQFF,RILAALFLGL,A*02:01,0
CASSQVSIHNEQFF,SQPQALLVI,C*04:01,0
CSSSTDRVTQYF,ILLGLAWLA,A*02:01,0
CASSWGGKLGNYGYTF,SLYFGGICVI,A*02:01,0
CAWRGTGRYGYTF,LVFVGLFAF,B*35:01,0
CARSSWTKKNTEAFF,VAADLIMTLTF,B*15:01,0
CASSESRGLWRLNGELFF,YHICFFLVTY,B*18:01,0
CASSIEGPGAGELFF,NPHYHENAGI,B*07:02,0
CAWTPQGYGNTIYF,EIGMWHAKK,A*11:01,0
CASSYAGQGGRNTEAFF,RSSVSLEWSK,A*03:01,0
CASSQDVFSGQPQHF,YADVFHLY,A*01:01,0
CASSWGPRAEQYF,SRRNKVHDI,B*08:01,0
CASSEAISVTEAFF,GGFLRKYPK,A*11:01,0
CAWSGGGLAGGQETQYF,ALFAGSMQL,A*02:01,0
CASSQGGMMNTEAFF,VSYVNVNMR,A*11:01,0
CSALSGILYNEQFF,SFSISSILEW,A*24:02,0
CASKGAVYNEQFF,LLMLLIGFL,A*02:01,0
CSGGPGDDTGELFF,IATESIVIW,B*58:01,0
CSANRLAGASDTQYF,YTRDQIMTIL,B*07:02,0
CASSPRRPIGDTEAFF,KLSHQLVLLFL,A*02:01,0
CASRVDRVLEKLFF,HARLRELL,B*08:01,0
CASSVRPTGVDEQYF,LLDDQILQL,A*02:01,0
CASSPRTLLAVSTDTQYF,LVKNKEKV,B*08:01,0
CASSYFQGQGLTGELFF,KPRSQMEI,B*07:02,0
CASSFGQPGREAFF,TYRARGLL,B*08:01,0
CASSYSMSSTGELFF,WVLIAGYII,B*51:01,0
CASSPIWDGTEAFF,YISKCWDYA,A*02:01,0
CASKGRAGGLETQYF,HLVMNLPA,A*02:01,0
CSASVYTAGGAQYF,FTGSEVENV,A*02:01,0
CSAAGGYGNQPQHF,YLIIALGIHL,A*02:01,0
CASSPWESAYEQYF,LPGLPGNGLPG,B*07:02,0
CASSLGQGMTQHF,VLSWLLKYKI,A*02:01,0
CASSLEAARRPYEQYF,APSFGSFHLI,B*51:01,0
CASSPDRRVGAQHF,LPQQFHLKIL,B*07:02,0
CASSMVQELNYGYTF,EEKKKQQM,B*08:01,0
CSASDGAGGNEQYF,LIQRINLKK,A*11:01,0
CASSLLASSLYEQYF,STNPSVATF,B*35:01,0
CSARLGTPGRETQYF,VFYRAWHQV,A*24:02,0
CASSWTNPDTEAFF,GTLLPEFPNVK,A*11:01,0
CATTIRANTGELFF,KFRVQGEAV,A*02:01,0
CASSLPNSGGQQFF,CLFPQTLAA,A*02:01,0
CASRSSDRGEGYTF,QPYGSSFHAL,B*35:01,0
CASSTRLIGEAFF,QALADLAGFK,A*11:01,0
CASSMTGTINEQFF,SGAPSLKGK,A*11:01,0
CASLAGTGGWEPQHF,SGAPSLKGK,A*11:01,0
CASSYRGGYGDTQYF,STFKNWPFL,C*07:01,0
CASSLDMSADTQYF,WKYLNAVSL,B*39:01,0
CASSEYGDPYEQYF,KIRLRPGGK,A*03:01,0
CATSRDVAADRAFF,ELTLGEFLKL,A*02:01,0
CASSFQGGVVPEAFF,STEGGGLAY,A*01:01,0
CASRQGNHYNEQFF,RGFPRDPSTEF,B*15:01,0
CASRALGTGGRVSGELFF,RLDDDGNFQL,A*02:01,0
CSARGDRVRETQYF,LAKFKQQL,B*08:01,0
CASSFGTSGSSSPYEQYF,STIARPTIGNK,A*03:01,0
CASSDWGAGGYYGYTF,TEQELPQSQ,A*02:01,0
CASSQAGTGGRGEQYF,SLYFGGICVI,A*02:01,0
CASQLEGALNTEAFF,HYTAQIILAL,C*14:03,0
CAWSQGAGGYTF,VYQRGTHPF,A*24:02,0
CASSLGTSGAALGDTQYF,MLLQAYRSV,A*02:01,0
CSARVRGNVYEQYF,KVMCRFRPV,A*02:01,0
CASSQDLWGNEAFF,KLKKSLNVAK,A*03:01,0
CASSLGVPGLAGEPDTQYF,TRQVMSMVSSWLWKE,B*35:01,0
CATSDPLQEGLGTGELFF,NLLKDCPAV,A*02:01,0
CSALPLNTGELFF,IVAADLIMTL,A*02:01,0
CASTPKRVAGTDTQYF,YEDHFPLLF,C*05:01,0
CASSTDRPPTGHEQFF,IPSSQKQSF,B*35:01,0
CASTPRTVPSEQYF,ALAVKALYPV,A*02:01,0
CASSPTGQGLYNEKLFF,SLNFLGGAPK,A*11:01,0
CAFRKAPGAYGYTF,AIYKQSQR,A*03:01,0
CASSVDPTLGGNSPLHF,AIFQSSMTR,A*03:01,0
CASRSDRGIYNEQFF,VLTADGTSL,A*02:01,0
CAISESHFFYGYTF,PPAMLFHGI,B*51:01,0
CSASRMEGQGSKGTF,NYNPGTLSSL,A*24:02,0
CASSPSPDRGRAEAFF,KLARHYLIHTV,A*02:01,0
CASSSRGPRPGQLYLNSPLHF,ITNYVVEK,A*03:01,0
CASSFMARGAGRGTDTQYF,MEDKNIIQF,C*05:01,0
CASSEFRGPNYGYTF,STEGGGLAY,A*01:01,0
CASSEISTEQYF,GLRAKPWV,B*08:01,0
CASSLTGGDSFDYGYTF,SMVSSWLWKELGKHK,B*35:01,0
CASTGFGDGYTF,SIGKLFTQTMK,A*11:01,0
CASSATGLAGLKEQFF,YNSASFSTF,A*24:02,0
CASSKASGTSGGRDTGELFF,VKKRKYISI,B*08:01,0
CASSGSGTGAGYTF,ASCYSSSCY,B*15:01,0
CASSLVGDMGSSPLHF,KYAESDYIFL,A*24:02,0
CASSVVTGGLDTEAFF,LLFGMPPCLL,A*02:01,0
CASSPGYDRYEQFF,RLVSEGNLLEV,A*02:01,0
CASSIPSGLHTDTQYF,HIYEGQITAL,A*02:01,0
CAYDYEQYF,SPRRGSAAPR,B*07:02,0
CASRSAGEQYF,TLSGFFLRTLY,B*35:01,0
CASSQEAPRTFRAKNTEAFF,SRAKAVRAL,A*02:01,0
CASIASLAGGTDTQYF,KINAGINTI,A*02:01,0
CASINRASGGVTYNEQFF,AAGILTLGK,A*11:01,0
CSAGGTGPIYEQYF,VPKKTPSL,B*07:02,0
CASSSPEVFSYNSPLHF,HQMLLQTCQDF,B*15:01,0
CASSLALGRRTGELFF,TMLTKTWHSSA,A*02:01,0
CASSHPRGGVNEQYF,NSTLSGEWFTF,A*24:02,0
CAFPLDETYNEQFF,MLAPEAVSLVM,A*02:01,0
CSALRGLAGINNEQFF,ALKLKVAEL,B*08:01,0
CASSFYPDRAPYEQYF,IMMYRTHCQRI,A*02:01,0
CASSLAQAEDGYTF,GPAGRIGGNF,B*07:02,0
CAWSAGYLNGLTF,FAHPRKLL,C*07:01,0
CASSLTKSGWGEAFF,SEQVVLTSI,B*18:01,0
CASSAGQLISYEQYF,LLYNDQPPR,A*03:01,0
CATSDSTFLAGMETQYF,EEFKAAFSCC,B*18:01,0
CASSLFVTGLFTEAFF,VLSWLLKYKI,A*02:01,0
CASSLVGGRPAGELFF,MAWQGLVLA,B*51:01,0
CASSAGTGPLTNEQFF,VSWAAVTLLL,C*04:01,0
CASSPRRAGEDEQYF,RQKKIRIQL,A*02:01,0
CASSFLYRGSYEQYF,KKKSRSSYI,B*08:01,0
CASSFGQGARGIGEAFF,TLLQACRSV,A*02:01,0
CASSMGNGGQDTQYF,LCRHKRKQL,B*08:01,0
CASSEIRNDQPQHF,SPEILNTSGSY,B*35:01,0
CASSLNGQGQPQHF,SLLWNGPMAV,A*02:01,0
CASSWTGGQGNEQFF,ILLQACRSV,A*02:01,0
CANSTRGSPSSYEQYF,HGYTGSYNY,B*35:01,0
CASSLAVGQGHGYTF,APRGVRMAV,B*07:02,0
CASRTRQSNQPQHF,RVMDISYLNL,A*02:01,0
CASSLEPLQTTF,RLIELIRRA,A*02:01,0
CASSRGPPSNSPLHF,YYGDLAARL,A*24:02,0
CASSGGQPEGEQYF,LTVETLTKV,A*02:10,0
CASSYSRTLGTGITPINNEQFF,LNRSSSQGTQL,B*07:02,0
CSATPYSEAFF,KRLPAGLLLGHGPIR,A*03:01,0
CASSTLGEVGEQFF,KFARGDYTTTI,A*24:02,0
CASSSLSGTEYEQYF,FFASFYYVW,A*24:02,0
CASLAGALAYEQYF,RKAKILRHY,B*15:03,0
CASSPGKNSVKNIQYF,QSSASTESPAF,B*35:01,0
CASSLELPQFDEQYF,LMFKSTAKRA,A*03:01,0
CASSSRGGQGLSGYTF,ALQQCLQGA,A*02:01,0
CATSRKTGIGTEAFF,STIMGSYLGV,A*02:01,0
CASSLGGELYLHF,EARTLRVLSM,B*08:01,0
CASADTVGSPLHF,SLSSSGAPSLK,A*11:01,0
CASTRSYSRQDTQYF,YPSGTSGSPI,B*07:02,0
CAIRAGTGVNQQYF,HVRLWSLQL,B*07:02,0
CASNLPGQIEAFF,WLVGGIVAA,A*02:01,0
CATSDSRANCEQYF,VLLEDGGVEV,A*02:01,0
CASRGRQSLNEKLFF,MQSYTWSLTY,B*35:01,0
CASSVQGTQETQYF,LYPEYIYTVL,A*24:02,0
CAWSPSSVPTNEKLFF,LYLEMLLKAL,A*24:02,0
CSAIGLGTSGRAPNEQFF,FLPIPNWEQ,A*02:01,0
CASSISGYSYGYTF,MLKRGVARVSPFGGL,A*03:01,0
CATSTFGAYNEQFF,ISPILENPFF,A*24:02,0
CASSEFVGDYGGYTF,RVYANLGER,A*03:01,0
CASSLDSRVTSREQYF,SITRKNSRTPL,B*07:02,0
CAWSQLGSNQPQHF,IPRSALYMHY,B*35:01,0
CASSLAATGPQDTQYF,VLSAQSHCSTY,B*15:01,0
CASSEVQPMNTEAFF,ATWAENIQV,A*02:01,0
CASRPSDRRISGANVLTF,ALLTPVTMAEV,A*02:01,0
CSGTDSTEAFF,TPPGTRDAF,B*07:02,0
CSAKTGKGSQPQHF,EEFKAAFSC,B*18:01,0
CATSALTAPTGELFF,ALIRNLQQL,A*02:01,0
CASSGERQGNSYEQYF,MSQPDAQRY,B*15:01,0
CASSSRASGATNEKLFF,GSFLKELEK,A*11:01,0
CASSEGSPGREQYF,APVRRAQPA,B*07:02,0
CATSNGQNTGELFF,WLSDASERHPV,A*02:01,0
CASTTSGRGLQETQYF,VYNLGNREAEL,A*24:02,0
CASSLFGRDRKETQYF,LSNLTHVLY,A*01:01,0
CASDRDCYEQYF,RLYSKQVTIAI,A*02:01,0
CASSENTPTGTNEKLFF,CARRRLRTL,B*14:02,0
CSAKDKGNTGELFF,HIDDSDSITV,A*02:01,0
CAINRYNEQFF,AMGPRPHSV,A*02:01,0
CASMGAGMTGELFF,LMLQNALTTM,A*02:01,0
CSQRLAGVSYNEQFF,VSNMAEVRSY,A*01:01,0
CASSILVSSYEQYF,YTRDQIMTI,B*07:02,0
CASSLALSGTGGYGYTF,ACQGVGGPSHK,A*11:01,0
CASSEQGLTTEAFF,RYTRPTEPPL,A*24:02,0
CASSSFPGRDEKLFF,FELSRRFSQIL,B*18:01,0
CASSPRTGSAYNEQFF,LVKNKEKV,B*08:01,0
CASSAPSGSGDEQFF,MLATDLSLRV,A*02:01,0
CASSSTGQMGTEAFF,YYGDLAARL,A*24:02,0
CASSIGDIHNEQFF,NQWKEPDVY,B*15:01,0
CSFTRGGQNTEAFF,RILAALFLGL,A*02:01,0
CASSEGQGPPIEAFF,TRHPATATV,A*02:01,0
CSAGGRLGLGTGELFF,SPRSWGPRL,B*07:02,0
CSVAGSGDTPTDTQYF,LIYRRRLM,B*08:01,0
CASSPAYPNTEAFF,TVLRFVPPL,A*02:01,0
CASSPPVGARTGELFF,WLCRRSRAASV,A*02:01,0
CASSRIMDSSSSPLHF,ALHDLPENLR,A*02:01,0
CASSLSPGPFNEKLFF,VLMPTVLQAL,C*04:01,0
CASGLQAPYF,IVMEYLAFL,A*02:01,0
CASSLTIGGTGELFF,VVQSVTSVAK,A*03:01,0
CATSSIAGDNEQFF,GPRPHSVWGSS,B*07:02,0
CSASGTISSYEQYF,IILDVCSSGL,A*02:01,0
CASSQDITLGYEQYF,QEFDHLLEEQ,B*18:01,0
CASSQEQWLDSPLHF,KLCRTVIAAA,A*02:01,0
CASSSQRVYPNYGYTF,GPLCKADSL,B*07:02,0
CASSQFGSQVPLHF,LIAGYIIVFVV,A*02:01,0
CAISDSGQASTDTQYF,RPAWRCVPF,B*07:02,0
CASSLKSRSTGELFF,AIFQCSMTK,A*03:01,0
CASSEPHLNEQYF,ATVEALINKYKLKEG,A*02:01,0
CASSPWGQGAGQPQHF,SFGSFHLIHLM,C*04:01,0
CSARPLVSGGYTF,SPRRGSAAPR,B*07:02,0
CASSPNDRGPYGYTF,KLCIFAPFV,A*02:01,0
CASSFQLLAGVGNEQFF,VPFCSHHFHEL,B*07:02,0
CASSPSPGRPAGELFF,FYVAMFASL,A*24:02,0
CATSRRTAGVETQYF,LPDSLTQVIRK,B*07:02,0
CAWSAGNVEKLFF,VYNAPNLHTL,A*24:02,0
CASSQGPTGRSDGEQFF,RLVFQTSK,A*11:01,0
CASSRLASQYF,KKKRRYKQL,B*08:01,0
CASSQVRGVSLNTEAFF,FYKKRFIM,B*08:01,0
CSGANLAGGLNEQFF,CLLTNWPSV,A*02:01,0
CSAPRQGYYEQYF,VLHPQTEGM,B*15:01,0
CASSHLGRPGVGENTIYF,MPPLSPEKPAL,B*51:01,0
CASMGWNTEAFF,ISDTASLCY,C*05:01,0
CASSRPGTGPRRYGYTF,FLRNIPRSI,B*07:02,0
CASSQDWPALTDTQYF,REHAGCRFRF,B*18:01,0
CSPMSRTSGEQYF,NYVAGGQEV,A*24:02,0
CASSVAAGGHNEQFF,VRGAKRMAVL,B*40:01,0
CATSDLGDGPTDTQYF,FMEAVSSKYSM,A*02:01,0
CASSLTGAFNTEAFF,AYEYVDYLF,A*24:02,0
CASSQDFTMGNQPQHF,WQRPIMESV,B*15:01,0
CAISAIPDKLEAFF,IAVKESSQY,B*35:01,0
CAWSEGLSKTDTQYF,KIYFFLRK,A*03:01,0
CSVGGGTMLTDTQYF,ILLRRLLSSA,A*02:01,0
CATSRTGGPGRSEQYF,NPRFRPHI,B*08:01,0
CASVRDRGFGSYEQYF,AVADMQVGAV,A*02:01,0
CSAKLGASWNTEAFF,ILLAVLQEI,A*02:01,0
CASSWGYGFTDTQYF,SPIESYIEW,B*51:01,0
CASRARQQAGREKLFF,SLMDKVSNGI,A*02:01,0
CASSRDRGPREQFF,SINNKLVYV,A*02:01,0
CSARGNRNYEQYF,HSWNADLYK,A*11:01,0
CSAVPGTVSYEQYF,FFASFYYVW,A*24:02,0
CASRPLSKNTEAFF,RLARAIIEL,A*02:01,0
CASTDRRGSPYNEQFF,GVMLYTMLVGR,A*11:01,0
CASSFVASGGEQYF,HEDLYKRYGGF,B*18:01,0
CASSVRQGRSEAFF,LMWSCFGTR,A*02:01,0
CASSLSWDRAKLGGELFF,RANSGFGRGL,B*07:02,0
CASSYKSPGQTHSNQPQHF,VLLLDVTPL,A*02:01,0
CASRRPSVGEAFF,DEERCLCPWSL,B*18:01,0
CASSEASVVASEYNEQFF,TKAGKRVIQL,B*41:02,0
CASSPYTRAGELFF,MLKRGVARVSPFGGL,A*03:01,0
CASSFRTRKNTNEQFF,SLYLRPVLI,A*02:01,0
CASSLARGVEYEQYL,KVVFLFPAV,A*02:01,0
CASGLNRGGGYTF,RQVVNVVTTK,A*11:01,0
CASSLTASGAGYTF,SLAPCFCLS,A*02:01,0
CASSRSRASGSPDTQYF,LFSSSSFQK,A*24:02,0
CASSESHPRAFNYGYTF,LIQNVRSMK,A*03:01,0
CASPGRGQQNTEAFF,SFGSFHLIHLM,C*04:01,0
CSAKGRAAYYGYTF,ALIRGLQQL,A*02:01,0
CASSDRDPSGQFF,ATQPGLTSAV,C*17:01,0
CSARDPRRGDNNEQFF,KDRAKIAL,B*08:01,0
CAWSVASSQYQETQYF,MLMIVLLVFAI,A*02:01,0
CASSLALRFSGRPYEQYF,MLLLMEREDKV,A*02:01,0
CASSATIFGEVRGDIQYF,LLMFPSTTA,A*02:01,0
CASSYSQLGEAFF,KAFPDYCTYL,A*02:01,0
CASSQDHRARNTEAFF,TPNTLPNYQSF,B*07:02,0
CASIGDLAGVGELFF,AIFQCSMTK,A*03:01,0
CASGTARGAGLTNEKLFF,LIFSATLAYFL,A*02:01,0
CASSDMGTGKETQYF,YLAEADLSY,A*01:01,0
CASSAQGGVTYEQYF,LMTDTQFVL,A*02:01,0
CAWSANIEETQYF,NLIFVFYML,A*02:01,0
CASSSDQGAKAYEQYF,QLFYALGIVF,A*24:02,0
CASTAGRGYNEQFF,AASPRRGSA,B*07:02,0
CSVFPGSDTEAFF,ILKNLCLELYL,A*02:01,0
CASTDPSETQYF,GVMLYTMLVGR,A*11:01,0
CSAKNPTGRETQYF,VIRRDFSMADK,A*03:01,0
CASSGGLARALGEQYF,YEWVLIAGY,B*18:01,0
CASSPRVTGSTYGYTF,MNIHRSTPITI,B*51:01,0
CASSTTGEPYEQYF,FLAVGGVLL,A*02:01,0
CSASEDSASDGYTF,FALGNVISA,A*02:01,0
CASSLGTAPGNTEAFF,KELEGILLL,B*44:02,0
CASSQQTVTGYGYTF,VENVRVAY,B*18:01,0
CSAPTGGRTTDTQYF,LLMGTLGIVC,A*02:01,0
CASTEGRRGTDTQYF,ILWYAPESL,A*02:01,0
CASVSSGGSYEQYF,TLYLGTSGI,A*02:01,0
CSARVPLRYYGYTF,HSEEGSRAY,A*01:01,0
CASSIGAGPYYEQYF,SLIAAAAFCLA,A*02:01,0
