TCR_CDR3_Alpha,TCR_CDR3_Beta,Peptide,Label,Probability
none,ASRPGLAGGRPEQY,LLFGYPVFV,1,0.6248
none,ASPGLAGEYEQY,LPEPLPQGQLTAY,1,0.3383
none,ASPGLAGEYEQY,LPEPLPQGQLTAY,1,0.3383
none,ASPGLAGEYEQY,LPEPLPQGALTAY,1,0.301
none,ASPGLAGEYEQY,LPEALPQGQLTAY,1,0.2935
none,ASPGLAGEYEQY,LPEPLPQGQATAY,1,0.3702
none,AWSETGLGTGELF,FLTGIGIITV,1,0.638
none,AWSETGLGTGELF,FATGIGIITV,1,0.633
none,AWSETGLGTGELF,FFAGGIGIRTI,1,0.6799
none,AWSETGLGTGELF,FWLLGAWAL,1,0.598
none,AWSETGLGTGELF,FWLLPAWAL,1,0.5609
none,AWSETGLGTGELF,FLAGGIGIRTL,1,0.6165
none,AWSETGLGTGELF,WLLPTWGV,1,0.6357
none,AWSETGLGTGELF,WLLPAWGV,1,0.5773
none,ASSARSGELF,HPVAEADYFEY,1,0.2928
none,ASSARSGELF,HPVGDADYFEY,1,0.301
none,ASSYVSQNNEQF,ALGGLLTMV,1,0.8777
none,ASSYVSQNNEQF,CLGALLTMV,1,0.8987
none,ASSYVSQNNEQF,CLAGLLTMV,1,0.8685
none,ASSYVSQNNEQF,CLGGLATMV,1,0.8882
none,ASSYVSQNNEQF,CLGGLLAMV,1,0.8629
none,ASSLWEKLAKNIQY,ALWGPDPAAA,1,0.3994
none,ASSLWEKLAKNIQY,RQWGPDPAAV,1,0.3409
none,ASSLWEKLAKNIQY,YLGGPDFPTI,1,0.443
none,ASSLWEKLAKNIQY,RQFGPDWIVA,1,0.5008
none,ASSLWEKLAKNIQY,RQFGPDFPTI,1,0.3833
none,ASSLWEKLAKNIQY,YQFGPDFPIA,1,0.4039
none,ASSLWEKLAKNIQY,MVWGPDPLYV,1,0.3885
none,ASSLWEKLAKNIQY,AQWGPDPAAA,1,0.3361
none,ASPGETEAF,LPEPLPQGQLTAY,1,0.2403
none,ASSRTGSTYEQY,LPEPLPQGQLTAY,1,0.9256
none,ASSSWDTGELF,RYPLTLGWCF,1,0.9078
none,ASSYQGTEAF,ILAKFAHWL,1,0.8644
none,ASSYQGTEAF,ILAKFLHWL,1,0.846
none,ASSYQGTEAF,ILAAFLHWL,1,0.8552
none,ASSARSGELF,HPVGDADYFEY,1,0.301
none,ASSLRGRGDQPQH,HSKRKCDEL,1,0.6884
none,ASSLRGRGDQPQH,HSRKKCDEL,1,0.6706
none,ASSLRGRGDQPQH,HSKKKCDEI,1,0.6938
none,ASSFNMATGQY,ESDPIVAQY,1,0.8792
none,ASSFNMATGQY,EVDPIGHLY,1,0.9165
none,ASSFIGGTDTQYF,YLEPGPVTV,1,0.9139
none,ASSFIGGTDTQY,YLEPGPVAA,1,0.8762
none,ASSFIGGTDTQY,YLEAGPVTA,1,0.8661
none,ASSFIGGTDTQY,YLEPGPATA,1,0.87
none,ASSFIGGTDTQY,YLEPGPVTV,1,0.853
none,ASSFIGGTDTQY,YLEPGAVTA,1,0.8678
none,ASSFIGGTDTQY,ALEPGPVTA,1,0.8714
none,ASSSRSSYEQY,GIWGFVFTL,1,0.5358
none,ASSSRSSYEQY,GILGLVFTL,1,0.4939
none,ASSSRSSYEQY,GILEFVFTL,1,0.5363
none,ASSIRSSYEQY,GILEFVFTL,1,0.4842
none,ASSLGQAYEQY,YLRGRAYGL,1,0.5757
none,ASSLGQAYEQY,FLRGRAFGL,1,0.5294
none,ASSLGQAYEQY,FLRGRAYVL,1,0.6589
none,ASSLGQAYEQY,TLRGRAYGL,1,0.5861
none,ASSFIGGTDTQYFG,YLEPGAVTA,1,0.9156
none,ASSFIGGTDTQYFG,YLEPGPVAA,1,0.9233
none,ASSFIGGTDTQYFG,ALEPGPVTA,1,0.9155
none,ASSFIGGTDTQYFG,YLEAGPVTA,1,0.9186
none,ASSFIGGTDTQYFG,YLEPGPVTV,1,0.9179
none,ASSFIGGTDTQYFG,YLEPGPATA,1,0.9131
none,ASSIGGPYEQYFG,YLEPGPVAA,1,0.6193
none,ASSIGGPYEQYFG,ALEPGPVTA,1,0.7074
none,ASSIGGPYEQYFG,YLEAGPVTA,1,0.7022
none,ASSIGGPYEQYFG,YLEPGAVTA,1,0.661
none,ASSIGGPYEQYFG,YLEPGPATA,1,0.7278
none,ASSIGGPYEQYFG,YLEPGPVTV,1,0.6714
none,CASSLGQGLLYGYT,GTSGSPIVDR,1,0.7138
none,CASSLGQGLLYGYT,GTSGAPIVNR,1,0.6793
none,CASSLGQGLLYGYT,GTSGSPIVAR,1,0.6986
none,CASTTGGGGYEQY,GTSGAPIVNR,1,0.8721
none,CASTTGGGGYEQY,GTSGSPIVAR,1,0.8963
none,CASTTGGGGYEQY,GTSGSPIVDR,1,0.8799
none,CASSLGQGSYEQY,GTSGSPIVAR,1,0.7915
none,CASSLGQGSYEQY,GTSGSPIVDR,1,0.772
none,CASSLGQGSYEQY,GTSGAPIVNR,1,0.7673
none,ASRPGLAGGRPEQY,LLYGFVNYI,1,0.6258
none,ASRPGLAGGRPEQY,LLYGFVNYV,1,0.631
none,ASSARSGELF,HPVAEADYFEY,1,0.2928
none,ASSARSGELF,HPVGDADYFEY,1,0.301
none,ASPGLAGEYEQY,APQPAPENAY,1,0.4606
none,ASPGETEAF,LPEPLPQGQLTAY,1,0.2403
none,ASSPVTGGIYGYT,NLVAMVATV,1,0.8675
none,ASSPVTGGIYGYT,NLVPTVATV,1,0.9019
none,ASSPVTGGIYGYT,NLVGMVATV,1,0.833
none,ASSPVTGGIYGYT,NLVPVVATV,1,0.8729
none,ASSPVTGGIYGYT,NLVPQVATV,1,0.9127
none,ASSPVTGGIYGYT,NLVPMVASV,1,0.8766
none,ASSFTWTSGGATDTQY,TLRGRAYGL,1,0.9806
none,ASSFTWTSGGATDTQY,FLRGRAFGL,1,0.9789
none,ASSFTWTSGGATDTQY,YLRGRAYGL,1,0.9784
none,ASSFTWTSGGATDTQY,FLRGRAYVL,1,0.9853
none,AWSETGLGMGGWQ,ELAGIAILTV,1,0.0608
none,AWSETGLGMGGWQ,ELAGIGILAV,1,0.0604
none,AWSETGLGMGGWQ,ELAGIGALTV,1,0.0564
none,AWSETGLGMGGWQ,ELAAIGILTV,1,0.0775
none,ASRTRGGTLIEQY,IPLTEEAEL,1,0.6716
none,ASSDTVSYEQY,SLFNTIAVL,1,0.6887
none,ASSDTVSYEQY,SLYNTIATL,1,0.7994
none,ASSQRQEGDTQY,APRGPHGGAASGL,1,0.586
none,ASSGGHTGSNEQF,APRGPHGGAASGL,1,0.7592
none,CATSFAPGQGEHGYTF,LYPEFIASI,1,0.8609
none,CASSTSTGQGWHYGYTF,MLIGIPVYV,1,0.9662
none,CASSTSTGQGWHYGYTF,MVIGIPVYV,1,0.9662
none,CASRPGTASYEQYF,CPSQEPMSIYVY,1,0.9549
none,CASSLDRKAFF,TLWCSPIKV,1,0.2782
none,CASRAVINTDTQYF,APARLERRHSA,1,0.8304
none,CASRDGRVHQPQHF,APARLERRHSA,1,0.6884
none,CASSTTSGGAHNEQFF,APARLERRHSA,1,0.8032
none,CASSLLKAANYGYTF,APARLERRHSA,1,0.4429
none,CAISEVGTGSSGNTIYF,GQFLTPNSH,1,0.3029
none,CASRFVAPSDGYNEQFF,GQFLTPNSH,1,0.8631
none,CASSLGQGRVEQYF,GQFLTPNSH,1,0.7746
none,CAITSGQGNNEQYF,GQFLTPNSH,1,0.9702
none,CASSPGPNQPQHF,YHSIEWAI,1,0.8973
none,CASSFRDEDPGNTIYF,YHSIEWAI,1,0.9665
none,CASTPTGNTEAFF,YHSIEWAI,1,0.9612
none,CASSPGREQYF,HQNPVTGLLL,1,0.6956
none,CASSLSWGSSYNEQFF,RVSTLRVSL,1,0.356
none,CASRDHRVIYGYTF,SYMIMEIEL,1,0.8241
none,CASSQGIAGSNQPQHF,SYMIMEIEL,1,0.693
none,CASSYSKAGGPGEDTQYF,SWISDIRAGTAPLCRNHIKSSCSLI,1,0.1409
none,CASRLVRKKGEDQPQHF,RHDLPPYRVYL,1,0.1422
none,CASSSTGADSHEQFF,RHDLPPYRVYL,1,0.9449
none,CASSRSTGGSGNTIYF,GEEDGAGGHSL,1,0.3185
none,CASSQAGGTGELFF,GEEDGAGGHSL,1,0.7691
none,CASSRDRSNEQFF,RKTVRARSRTPSCRSRSHTPSRRRR,1,0.7307
none,CASSLIRSEAFF,RKTVRARSRTPSCRSRSHTPSRRRR,1,0.5869
none,CASSFIRTGQYF,RKTVRARSRTPSCRSRSHTPSRRRR,1,0.8627
none,CASSLVDRRGEKLFF,RKTVRARSRTPSCRSRSHTPSRRRR,1,0.3834
none,CASSLVSPSEQFF,YLSNIIPAL,1,0.5657
none,CASSLFTGTNEQFF,QLCDVMFYL,1,0.9027
none,CASSLDQGAQDNEQFF,YLYDRLLRI,1,0.483
none,CASSLDQGAQDNEQFF,YLYDRLLRV,1,0.4872
none,CAILGQGYGYTF,APRGPHGGAASGA,1,0.6913
none,CAILGQGYGYTF,APRGPHGGAAAGL,1,0.7097
none,CAILGQGYGYTF,APRGPHGGAASGL,1,0.7163
none,CAILGQGYGYTF,AARGPHGGAASGL,1,0.7467
none,CAILGQGYGYTF,APRGPHGGAASAL,1,0.719
none,CAILGQGYGYTF,APAGPHGGAASGL,1,0.6831
none,CAILGQGYGYTF,APRGAHGGAASGL,1,0.6753
none,CAILGQGYGYTF,APRGPHAGAASGL,1,0.7012
none,CASQTFSPGQTQF,APRGPHGGAASAL,1,0.9343
none,CASQTFSPGQTQF,APRGPHGGAASGL,1,0.9455
none,CASQTFSPGQTQF,APRGPHAGAASGL,1,0.9406
none,CASQTFSPGQTQF,APRGPHGGAASGA,1,0.9431
none,CASQTFSPGQTQF,AARGPHGGAASGL,1,0.9408
none,CASQTFSPGQTQF,APRGPHGGAAAGL,1,0.9445
none,CASQTFSPGQTQF,APRGPAGGAASGL,1,0.9458
none,CASSDGGISYNEQF,YLCSGSSYF,1,0.7125
none,CASSDGGISYNEQF,YLCSGSSYFV,1,0.5844
none,ASRRGSLELV,KLKSLGLNAV,1,0.3209
none,ASRRGSLELV,QLRSLGLNAV,1,0.332
none,ASRRGSLELV,QLRTLGLNAV,1,0.3614
none,ASRRGSLELV,QLTSLGLNAV,1,0.3571
none,ASRRGSLELV,KLVVLGINAV,1,0.2964
none,ASRRGSLELV,ALRGMGVNAV,1,0.3795
none,ASRRGSLELV,KLSGLGINAV,1,0.3543
none,ASRRGSLELV,QLSSLGLNAV,1,0.378
none,ASRRSAYLQY,KLVVLGINAV,1,0.4893
none,ASRRSAYLQY,ALRGMGVNAV,1,0.4911
none,ASRRSAYLQY,QLSSLGLNAV,1,0.5164
none,ASRRSAYLQY,QLTSLGLNAV,1,0.5148
none,ASRRSAYLQY,KLKSLGLNAV,1,0.4815
none,ASRRSAYLQY,KLSGLGINAV,1,0.4943
none,ASRRSAYLQY,QLRSLGLNAV,1,0.512
none,ASRRSAYLQY,QLRTLGLNAV,1,0.5227
none,CASSLAVHNEQFF,FEDLRVLSF,1,0.4108
none,CASSLAVHNEQFF,FEDLRLLSF,1,0.4323
none,CASSLGPGKSSKTQYF,FEDLRVSSF,1,0.4408
none,CASSLGPTTYKSSYEQYF,FEDLRVSSF,1,0.1911
none,CASSLGRGVQFF,FEDLRLLSF,1,0.4518
none,CASSLGTPTEAFF,FEDLRVLSF,1,0.8007
none,CASSLIEGLSEQYF,FEDLRLLSF,1,0.6147
none,CASSLLAGYNEQFF,FEDLRLLSF,1,0.6708
none,CASSLLKGTLHF,FEDLRVSSF,1,0.3868
none,CASSLLWRNNEQFF,FEDLRLLSF,1,0.586
none,CASSLLWRNNEQFF,FEDLRVLSF,1,0.5413
none,CSATGTSGYNEQFF,FEDLRLLSF,1,0.9844
none,CASSLRSGTGELFF,FEDLRLLSF,1,0.8837
none,CASSLTGHNQPQHF,FEDLRVLSF,1,0.7199
none,CASSLTGHNQPQHF,FEDLRLLSF,1,0.7806
none,CASSLTGQGAFF,FEDLRVSSF,1,0.5394
none,CASSLTGQGAFF,FEDLRLLSF,1,0.5694
none,CASSLTGQGAFF,FEDLRVLSF,1,0.5226
none,CASSLTQNEQFF,FEDLRVLSF,1,0.681
none,CASSLAQGKAFF,FEDLRVSSF,1,0.4751
none,CASSLVPGNHNEQFF,FEDLRLLSF,1,0.5448
none,CASSLWGRALSYEQYF,FEDLRVSSF,1,0.2572
none,CASSMAQGARSPLHF,FEDLRLLSF,1,0.9542
none,CASSMAQGARSPLHF,FEDLRVLSF,1,0.9467
none,CASSMGRDGYTF,FEDLRLLSF,1,0.8462
none,CASSMGRDGYTF,FEDLRVLSF,1,0.8229
none,CASSMGTGPRETQYF,FEDLRVLSF,1,0.9523
none,CASSMGTYSNQPQHF,FEDLRVLSF,1,0.9587
none,CASSMGTYSNQPQHF,FEDLRVSSF,1,0.9699
none,CASSMLGVLRGANVLTF,FEDLRLLSF,1,0.8809
none,CASSMLVANYGYTF,FEDLRLLSF,1,0.8929
none,CAGRDHTDTQYF,CTELKLNDY,1,0.7095
none,CAISEEGTGFYGYTF,CTELKLNDY,1,0.5941
none,CAISEFQGPGGETQYF,CTELKLNDY,1,0.904
none,CAISESLGADTQYF,CTELKLNDY,1,0.6058
none,CAISESNGADTQYF,CTELKLNDY,1,0.6009
none,CAIGGDGSYEQYF,CTELKLNDY,1,0.683
none,CAISESIGLDEQYF,CTELKLNDY,1,0.7426
none,CAISGWTGEGSEQYF,CTELKLNDY,1,0.9146
none,CAISESQGPGGETQYF,CTELKLNDY,1,0.4411
none,CASGPTGGAAETQYF,FEDLRVLSF,1,0.8359
none,CASGRLVTGGGTGANVLTF,FEDLRVLSF,1,0.2612
none,CASGRLVTGGGTGANVLTF,FEDLRVSSF,1,0.2382
none,CASKGDSPHQPQHF,FEDLRLLSF,1,0.7478
none,CASNWGGRGNTGELFF,FEDLRVLSF,1,0.704
none,CASRPPHYNSPLHF,FEDLRVSSF,1,0.6696
none,CASRSLAEKGETQYF,FEDLRVSSF,1,0.8672
none,CASRSLAEKGETQYF,FEDLRVLSF,1,0.8962
none,CASRTSSYNSPLHF,FEDLRVSSF,1,0.9663
none,CASSALTGNEQFF,FEDLRVLSF,1,0.927
none,CASSATGDATDTQYF,CTELKLNDY,1,0.9385
none,CASSATKNIQYF,FEDLRLLSF,1,0.8436
none,CASSATKNIQYF,FEDLRVLSF,1,0.802
none,CASSATKNIQYF,FEDLRVSSF,1,0.8178
none,CASSEGTGGLNAFF,FEDLRVLSF,1,0.5287
none,CASSGLINGNTIYF,FEDLRLLSF,1,0.8113
none,CASSGLINGNTIYF,FEDLRVLSF,1,0.7825
none,CASSGVRATEAFF,FEDLRVLSF,1,0.7437
none,CASSGVRATEAFF,FEDLRLLSF,1,0.768
none,CASSIGQAYYEQYF,FEDLRVLSF,1,0.8217
none,CASSIGRSEQFF,FEDLRLLSF,1,0.7123
none,CASSIGSGMNSPLHF,FEDLRLLSF,1,0.8706
none,CASSIGTGGNYGYTF,FEDLRVLSF,1,0.4607
none,CASSIGVRAFF,FEDLRLLSF,1,0.4993
none,CASSIGVRAFF,FEDLRVLSF,1,0.4308
none,CASSIGVRAFF,FEDLRVSSF,1,0.4894
none,CASSILQGRSYEQYF,FEDLRLLSF,1,0.6545
none,CASSIPDGTQYF,FEDLRLLSF,1,0.5361
none,CASSISPSGFNGYTF,FEDLRVLSF,1,0.7194
none,CASSISSGRTYEQYF,FEDLRVLSF,1,0.6124
none,CASSIVQRTNTEAFF,FEDLRLLSF,1,0.6408
none,CASSIYRRRQGALAGPDTQYF,FEDLRVSSF,1,0.0053
none,CASTLGTVEAFF,FEDLRLLSF,1,0.9066
none,CASTNYAGGDRGYTF,FEDLRVLSF,1,0.8668
none,CASTNYAGGDRGYTF,FEDLRVSSF,1,0.8627
none,CASTNYAGGDRGYTF,FEDLRLLSF,1,0.8643
none,CASWGGANYGYTF,FEDLRVLSF,1,0.6697
none,CASWGGANYGYTF,FEDLRLLSF,1,0.6852
none,CATQGTSGYTDTQYF,FEDLRVLSF,1,0.9246
none,CATSRDGLAGANSPLHF,FEDLRVSSF,1,0.1878
none,CSAGGLAGEETQYF,CTELKLNDY,1,0.9283
none,CSARAYRGYNSPLHF,FEDLRVLSF,1,0.9649
none,CSARAYRGYNSPLHF,FEDLRLLSF,1,0.9683
none,CSARAYRGYNSPLHF,FEDLRVSSF,1,0.9581
none,CSARDGQVYSNQPQHF,FEDLRVLSF,1,0.9335
none,CSARDGQVYSNQPQHF,FEDLRLLSF,1,0.9321
none,CSAREPGRQFAFAALHF,FEDLRVSSF,1,0.8468
none,CSARPGQFYSNQPQHF,FEDLRLLSF,1,0.9675
none,CSARPGQFYSNQPQHF,FEDLRVLSF,1,0.9727
none,CSVEGLAGPSYNEQFF,FEDLRLLSF,1,0.5746
none,CSVYLNTEAFF,FEDLRVLSF,1,0.8907
none,CASSMSAMGTEAFF,FEDLRLLSF,1,0.9466
none,CASSMSAMGTEAFF,FEDLRVSSF,1,0.9407
none,CASSMSAMGTEAFF,FEDLRVLSF,1,0.9322
none,CASSPGTAADTQYF,FEDLRVLSF,1,0.9496
none,CASSPLHLRDGPKTPLHF,FEDLRVSSF,1,0.5784
none,CASSPRQGNNSPLHF,FEDLRVLSF,1,0.9556
none,CASSPRQGNNSPLHF,FEDLRLLSF,1,0.9554
none,CASSPTAGELFF,FEDLRLLSF,1,0.9386
none,CASSPTGRVQPQHF,FEDLRVSSF,1,0.9378
none,CASSPTQREQYF,FEDLRVLSF,1,0.8914
none,CASSPTRLVSSYNEQFF,FEDLRVSSF,1,0.897
none,CASSPYTDRQENYGYTF,FEDLRVSSF,1,0.883
none,CASSQASLVMTGGDEQYF,FEDLRLLSF,1,0.6945
none,CASSQASLVMTGGDEQYF,FEDLRVSSF,1,0.7303
none,CASSQDAGLYNQPQHF,FEDLRVSSF,1,0.824
none,CASSQDGAGTPFTEAFF,CTELKLNDY,1,0.8781
none,CASSQDGISTGDQPQHF,CTELKLNDY,1,0.8883
none,CASSQDLGSYNSPLHF,FEDLRVSSF,1,0.739
none,CASSQDMGGYNQPQHF,FEDLRVSSF,1,0.8649
none,CASSQDNPYGANTEAFF,CTELKLNDY,1,0.8021
none,CASSQDPGQGYNEQFF,FEDLRVSSF,1,0.6559
none,CASSQDQGAYNQPQHF,FEDLRVSSF,1,0.7753
none,CASSQEAGAYNQPQHF,FEDLRVSSF,1,0.6585
none,CASSQGPTTDTQYF,FEDLRVSSF,1,0.8028
none,CASSQLPRGGYTF,FEDLRLLSF,1,0.6006
none,CASSQRSGTGELFF,FEDLRLLSF,1,0.9566
none,CASSQTGRELFF,FEDLRVLSF,1,0.8906
none,CASSQVDYNEQFF,FEDLRVLSF,1,0.7148
none,CASSQVDYNEQFF,FEDLRLLSF,1,0.7269
none,CASSRLQGANSPLHF,FEDLRVLSF,1,0.8442
none,CASSRTGRNQPQHF,FEDLRLLSF,1,0.9129
none,CASSSLAVPELFF,FEDLRLLSF,1,0.8903
none,CASSSLMGGTDEQFF,FEDLRLLSF,1,0.9792
none,CASSSLRVGAGPGQPQHF,FEDLRVSSF,1,0.3408
none,CASSSTGREAFF,FEDLRVLSF,1,0.9481
none,CASSVESSGSPYQFF,CTELKLNDY,1,0.6165
none,CASSVGLAEPLDEQFF,FEDLRVSSF,1,0.8486
none,CASSVGTGAYEQYF,FEDLRVLSF,1,0.8901
none,CASSVGTGAYEQYF,FEDLRLLSF,1,0.8907
none,CASSVVATGGRGTDTQYF,FEDLRVSSF,1,0.5652
none,CASSVVATGGRGTDTQYF,FEDLRVLSF,1,0.5789
none,CASSWGTGGNQPQHF,FEDLRLLSF,1,0.889
none,CASSWGTGGNQPQHF,FEDLRVLSF,1,0.8486
none,CASSWGWRSNQPQHF,FEDLRVLSF,1,0.8859
none,CASSYGTGSADTQYF,FEDLRVLSF,1,0.8872
none,CASTGTSGRAETQYF,FEDLRVLSF,1,0.9528
none,CASSFEWSYEQYF,GLLHHAPSL,1,0.8923
none,CASSFLGTGLNEQYF,YLVALGVNAV,1,0.9481
none,CASSFLGTGLNEQYF,SLVALGINAV,1,0.9542
none,CASSFLGTGLNEQYF,YLVALGINAV,1,0.9492
none,CASSEKPDTQYF,LLAGTLAVV,1,0.3617
none,CASSQGWDEQYF,VLMGGVPGVE,1,0.8329
none,CASSYFGGSLSEQYF,SVASTITGV,1,0.9284
none,CASSVDGGSQPQHF,AIMDKNIIL,1,0.7523
none,CASSFRGEAFF,AVGSHVYSV,1,0.8661
none,CASSLGGPGAFF,LLFGMTPCL,1,0.5384
none,CASSSLGDSYEQYF,LLFGMTPCL,1,0.9642
none,CASSPDPYEQYF,LLFGMTPCL,1,0.5055
none,CASSLGAEQYF,LLFGMTPCL,1,0.7193
none,CASSPSPGSEQYF,LLFGMTPCL,1,0.7748
none,CAWSVGNYGYTF,VLLGVKLSGV,1,0.4948
none,CASSENTGELFF,SVLENFTILL,1,0.8208
none,CASSLWGQGWTGELFF,FLTYLDVSV,1,0.7637
none,CASSVESGEQYF,FLTYLDVSV,1,0.586
none,CASSVGTGYEQYF,FLTYLDVSV,1,0.901
none,CASSWWLNTEAFF,LIIPCIHLI,1,0.8614
none,CASSFPDRGQGVYGYTF,LIIPCIHLI,1,0.9354
none,CSALTGNQPQHF,RLLCALTSL,1,0.9633
none,CASTSYTEAFF,GLYDGMEHL,1,0.896
none,CASSESTIVQGYNEQFF,LLIDLTSFLL,1,0.3914
none,CSVGLGQTGTEAFF,VMIIVSSLAV,1,0.9664
none,CASSLAENSGNTIYF,FLWSVFMLI,1,0.2265
none,CASTWTGEQYF,LLFGLALIEV,1,0.8978
none,CASSPGPYEQYF,QLIPCMDVV,1,0.7338
none,CASSHRGSGNTIYF,NLAQTDLATV,1,0.9467
none,CASSHRGSGNTIYF,FVGEFFTDV,1,0.9251
none,CASSAGLFPEQFF,GLSPNLNRFL,1,0.9498
none,CASSLAYEQYF,AVGSHVYSV,1,0.4299
none,CASSLDIGDQPQHF,NLNRCSVPV,1,0.8449
none,CASSQNGSEAAYSNQPQHF,VQYLGMFPV,1,0.9321
none,CASSTPGGWNTEAFF,VQYLGMFPV,1,0.9823
none,CASSEMDGSNQPQHF,FITGISILL,1,0.8838
none,CASSIGDYEQYF,RVIGMPPPV,1,0.7958
none,CASSFLSSYNEQFF,KLSREIMPV,1,0.9707
none,CASRGTGTGSYEQYF,KLSREIMPV,1,0.9366
none,CASSLASEQYF,KLSREIMPV,1,0.4684
none,CASSTGGDTQYF,KLSREIMPV,1,0.9112
none,CSARDPTSGGATGELFF,LLAILPYYV,1,0.9216
none,CASSLTGATDTQYF,LLAILPYYV,1,0.8136
none,CASSSPSQGITGELFF,LLAILPYYV,1,0.9779
none,CSARVRGDHNEQFF,LLAILPYYV,1,0.9626
none,CASSLAAGGGETQYF,RLWEPLRVV,1,0.4184
none,CASSTGADLTYEQYF,RVIGMPPPV,1,0.9814
none,CASSTGADLTYEQYF,LVIGMPPPV,1,0.9844
none,CASSYGVNTEAFF,FMLYLVTLM,1,0.8962
none,CSAPSYRELAGAYLQETQYF,FLNVLFPLL,1,0.97
none,CASSFGGLYGYTF,LMASISSFL,1,0.9729
none,CSVPGTAYEQYF,FLGIYTVTVV,1,0.9768
none,CASSDNDWRLQYF,FLEIYTVTV,1,0.824
none,CASSLRGTGSYEQYF,FLFTFFASI,1,0.7127
none,CASSLQGGGGYTF,FLFTFFASI,1,0.6648
none,CSAIVFSRGGDEQFF,FLFTFFASI,1,0.9815
none,CASSNLGGTDTQYF,LLFGMTPCL,1,0.9393
none,CASSQDWGNEQFF,LLFGMTPCL,1,0.7815
none,CSARNRDTYYNEQFF,ALLETLSLLL,1,0.9856
none,CASSALAGGYNEQFF,YLDELIKNT,1,0.9529
none,CASSALAGGYNEQFF,YTSEILSPI,1,0.9433
none,CASSALAGGYNEQFF,YVNELVVFV,1,0.9508
none,CASSFNYNEQFF,FVYVFTTHL,1,0.9633
none,CASSSDRGEQFF,ALSYTPVEV,1,0.9155
none,CASSPGQAEPQHF,LLAGTLAVV,1,0.985
none,CASSPHSGGDPRNEQFF,YVVTWIVGA,1,0.9672
none,CASSESGAAYTGELFF,YVVTWIVGA,1,0.902
none,CASLEAGGETQYF,YVVTWIVGA,1,0.6016
none,CASSLTGSSDTQYF,FSFPLDFLV,1,0.7952
none,CASSLGGGGPQETQYF,TMSFSHLFYL,1,0.3025
none,CASSLGGGGPQETQYF,TMSSSHLFYL,1,0.2925
none,CASNPGTDFNTGELFF,MLSILALVRV,1,0.9771
none,CASIPVGSRNTIYF,LMVPHSPSL,1,0.892
none,CASSFGQEEGQPQHF,YMLTLHTKL,1,0.9798
none,CASTLGQGNTEAFF,WLWEPLRVV,1,0.9323
none,CSATLDRNYGYTF,LLAGTLAVV,1,0.9517
none,CASSLDLAGGFYEQYF,LLAGTLAVV,1,0.5307
none,CANGQGDYEQYF,LLAGTLAVV,1,0.7543
none,CASSPTAEAFF,TLFTMVGTV,1,0.9214
none,CASSKGLRQFF,FIFSYVVAV,1,0.2714
none,CASSLSVFPGRAEQYF,FIFSYVVAV,1,0.5109
none,CASSIGGQRYNEQFF,SLDLTTSPV,1,0.7085
none,CASTPGTSASRDTQYF,SLDLTTSPV,1,0.9662
none,CASSLGGLVYNEQFF,MMPFSIVYIV,1,0.5815
none,CASRPGQVVYGYTF,MMPFSIVYIV,1,0.9692
none,CSVERGGDEQFF,MMPFSIVYIV,1,0.5129
none,CASSPDPSGNEQFF,TMSFSHLFYL,1,0.7982
none,CASSDGNEQFF,NLFNRYLAL,1,0.8147
none,CATSAKTRLNTEAFF,FLDEFMEGV,1,0.9512
none,CASSLVTGGGEAFF,FLDEFMEGV,1,0.6037
none,CASSHNRGYEQYF,FLNVLFPLL,1,0.948
none,CASSQGYEQYF,VLFAAFSSA,1,0.9074
none,CASSMGTGGFYGYTF,HQLGGVVEV,1,0.9274
none,CASSLIDSPYEQYF,FMSAYSGVL,1,0.8202
none,CAWSSSVNTEAFF,ILGGQVVHTV,1,0.8004
none,CATPSRAQYDYGYTF,ILGGQVVHTV,1,0.9541
none,CASDPDSLIHNTGELFF,KLAKPLPYT,1,0.9565
none,CASSSSSGDEQYF,RLMKHYPGI,1,0.9118
none,CASSSNIWSPDTQYF,RLMKHYPGI,1,0.9782
none,CAISRGDTEAFF,KLPLDIDPV,1,0.9447
none,CASSISPSSYEQYF,ILITQVLGL,1,0.6508
none,CASIGVSYEQYF,MLSILALVRV,1,0.651
none,CASSQDWAASNSPLHF,LLFAAFSSA,1,0.9168
none,CASSLRTNSDTQYF,HIVEISTPV,1,0.7725
none,CASSQDLGTGNTIYF,AMAGSLVFL,1,0.9429
none,CASSPTPGTGETQYF,AMAGSLVFL,1,0.9593
none,CASSLNTEAFF,YLQDSLATT,1,0.8228
none,CASSSTDGYQETQYF,ALLQVTLLL,1,0.9679
none,CASSQGGQDGHGTTNEKLFF,VLASPSVPL,1,0.9197
none,CASSSESGELFF,LLLNMLIVL,1,0.9352
none,CASGTELMNTEAFF,LLLNMLIVL,1,0.9309
none,CASSEELYNEFF,LLLNMLIVL,1,0.5295
none,CASSLAGGTEAFF,LLLNMLIVL,1,0.6503
none,CASSGPIVETQYF,FQLNQSFEI,1,0.7638
none,CASREQGMNTEAFF,MIISHLSLI,1,0.8311
none,CASRPRQVETQYF,MIISHLSLI,1,0.9179
none,CASSESRDRIHYGYTF,VYGIRLEHF,1,0.4676
none,CASSLGRGNSPLHF,VYGIRLEHF,1,0.7288
none,CATRGQSYEQY,VYGIRLEHF,1,0.5457
none,CATSDPRDWTGEANQPQH,VYGIRLEHF,1,0.5136
none,CASSSGQTNYGYTF,VYGIRLEHF,1,0.9624
none,CASSLYRGLYEQYF,VYGIRLEHF,1,0.6838
none,CASSPFQGAIEQYF,SLFWNEPAI,1,0.9722
none,CASSFQGNTGELFF,SLFWNEPAI,1,0.9492
none,CASSSTGGGGELFF,LLWNTVWNM,1,0.9068
none,CASSPDRSGQFF,SLFWNEPAI,1,0.7377
none,CASSLDLPGPEGETQYF,DATYQRTRALVR,1,0.5376
none,CSAEQGNTEAFF,DATYQRTRALVR,1,0.9329
none,CASSPGTGGNEQYF,DATYQRTRALVR,1,0.7982
none,CASSEVGVFEAFF,DATYQRTRALVR,1,0.5764
none,CASSLGVNTEAFF,DATYQRTRALVR,1,0.7974
none,CASNEDSNYGYTF,DATYQRTRALVR,1,0.7125
none,CASSQVGPNEKLFF,DATYQRTRALVR,1,0.7053
none,CASSLGGYGYTF,DATYQRTRALVR,1,0.5656
none,CASSQVGPGETQYF,DATYQRTRALVR,1,0.6533
none,CASSQDPWAGSAFF,DATYQRTRALVR,1,0.843
none,CASSELEAYGYTF,DATYQRTRALVR,1,0.6317
none,CASSPGTDYGYTF,DATYQRTRALVR,1,0.9402
none,CASSAGTSPTDTQYF,DATYQRTRALVR,1,0.959
none,CASSDGDHSYEQYF,DATYQRTRALVR,1,0.8295
none,CASSQGGPVGNQPQHF,DATYQRTRALVR,1,0.3518
none,CGGGYMGTEAFF,DATYQRTRALVR,1,0.9254
none,CASSFPSRGANYGYTF,DATYQRTRALVR,1,0.8586
none,CATSDLGLAGDTQYF,DATYQRTRALVR,1,0.7586
none,CATSVTGDPNTEAFF,DATYQRTRALVR,1,0.9221
none,CASSLVPSDQETQYF,DATYQRTRALVR,1,0.6042
none,CASSQDPDTQYF,DATYQRTRALVR,1,0.5479
none,CASASGGFGDEQYF,DATYQRTRALVR,1,0.8741
none,CAWSVTSTGGTEAFF,DATYQRTRALVR,1,0.7347
none,CASSLEGDTEAFF,DATYQRTRALVR,1,0.5952
none,CASSVGDLLTGELFF,DATYQRTRALVR,1,0.8549
none,CSFRDLSSYNEQFF,DATYQRTRALVR,1,0.9179
none,CASSEFQGDNEQFF,DATYQRTRALVR,1,0.8299
none,CASSDGSFNEQFF,DATYQRTRALVR,1,0.8985
none,CSATRLAGGPTDTQYF,DATYQRTRALVR,1,0.9861
none,CASSEVADYNEQFF,DATYQRTRALVR,1,0.5578
none,CASSVALGNQETQYF,DATYQRTRALVR,1,0.4899
none,CASSPALGDQETQYF,DATYQRTRALVR,1,0.6534
none,CASSSTAADEQFF,DATYQRTRALVR,1,0.8218
none,CASSQVASNQETQYF,DATYQRTRALVR,1,0.7168
none,CSVEEGLQTGELFF,DATYQRTRALVR,1,0.4144
none,CATSDLEGWTQYF,DATYQRTRALVR,1,0.7991
none,CSADNVAGGPGSEQFF,DATYQRTRALVR,1,0.9707
none,CASSEPRDEQFF,DATYQRTRALVR,1,0.4598
none,CASSQEPSGMVSRDNEQFF,DATYQRTRALVR,1,0.3558
none,CSASQDPYEQYF,DATYQRTRALVR,1,0.8568
none,CASSFLGPEGEKLFF,DATYQRTRALVR,1,0.7967
none,CASSQEGAGADEQFF,DATYQRTRALVR,1,0.4556
none,CASSLIFRDGEKLFF,DATYQRTRALVR,1,0.7522
none,CSGETGNTEAFF,DATYQRTRALVR,1,0.95
none,CASSPGTPTDTQYF,DATYQRTRALVR,1,0.8432
none,CASSASRVGEDTQYF,DATYQRTRALVR,1,0.7714
none,CSALYPLAGPGNEQFF,DATYQRTRALVR,1,0.894
none,CASSETTGPAYEQYF,DATYQRTRALVR,1,0.8276
none,CASSSPSGVYNEQFF,DATYQRTRALVR,1,0.9427
none,CASTPGGAGDEQYF,DATYQRTRALVR,1,0.7944
none,CASSSGGDERYTGELFF,DATYQRTRALVR,1,0.8903
none,CASSQVASDQETQYF,DATYQRTRALVR,1,0.762
none,CSARDRREEKLFF,DATYQRTRALVR,1,0.7627
none,CAWSPAGLAMYEQYF,DATYQRTRALVR,1,0.7139
none,CSAEDGNSPLHF,DATYQRTRALVR,1,0.7894
none,CATSSEATGVGETQYF,DATYQRTRALVR,1,0.9193
none,CSAESGNTEAFF,DATYQRTRALVR,1,0.966
none,CASSSRVGDTGELFF,DATYQRTRALVR,1,0.9125
none,CASSTGTGGPSGTGELFF,DATYQRTRALVR,1,0.6192
none,CASSDSAGELFF,DATYQRTRALVR,1,0.7138
none,CASSSIGVAGEETQYF,DATYQRTRALVR,1,0.8203
none,CASNDPPGATNNEQFF,DATYQRTRALVR,1,0.8264
none,CASSSLIQANTEAFF,DATYQRTRALVR,1,0.926
none,CASSDLAGTSGTNTYEQYF,DATYQRTRALVR,1,0.8656
none,CASSQVGTTLETQYF,DATYQRTRALVR,1,0.8666
none,CASSVNPAQGSGANVLTF,DATYQRTRALVR,1,0.7653
none,CASSLAGGLAGPSYEQYF,DATYQRTRALVR,1,0.0133
none,CASSQGGRTGELFF,DATYQRTRALVR,1,0.609
none,CASSVELSTDTQYF,DATYQRTRALVR,1,0.6218
none,CSAETGNTEAFF,DATYQRTRALVR,1,0.9683
none,CSAETGNTEQFF,DATYQRTRALVR,1,0.9595
none,CASSEITTARNQYEQYF,DATYQRTRALVR,1,0.6389
none,CASSQSPTGAIHEQYF,DATYQRTRALVR,1,0.7341
none,CASNPVIGDEQYF,DATYQRTRALVR,1,0.9013
none,CASSTPGDEQYF,DATYQRTRALVR,1,0.8031
none,CSARDRGDEKLFF,DATYQRTRALVR,1,0.773
none,CASSESPIGDEPLHF,DATYQRTRALVR,1,0.3187
none,CASSGNEQDLQPQHF,DATYQRTRALVR,1,0.9122
none,CASSVDLKAGEEGEQFF,DATYQRTRALVR,1,0.3261
none,CASSELPAGGTNEQFF,RLARLALVL,1,0.5687
none,CASSFFSNTGELFF,RLARLALVL,1,0.9939
none,CASSFLTDTQYF,RLARLALVL,1,0.9305
none,CASSYMGPEAFF,RLARLALVL,1,0.8816
none,CASMDLAFKQYF,RLARLALVL,1,0.8046
none,CASSQVSGYEQYF,RLARLALVL,1,0.9425
none,CASSPQGDNEQFF,RLARLALVL,1,0.8345
none,CAISESVNTEAFF,QPRAPIRPI,1,0.7966
none,CSVDLEANYGYTF,CLLGTYTQDV,1,0.8889
none,CASSQERGGPDTQYF,CLLGTYTQDV,1,0.6338
none,CASSDSLGDRGSYEQYF,SLYNTVATLY,1,0.1638
none,CASSSTGGGEKDQPQHF,CLLGTYTQDV,1,0.9531
none,CASSFRGPNLYTEAFF,KLQCVDLHV,1,0.9544
none,CASSGQGVVETQYF,QPRAPIRPI,1,0.885
none,CASSPDDTEAFF,QPRAPIRPI,1,0.9137
none,CASSQEDSWGDTQYF,ILKEPVHGV,1,0.7809
none,CASSPGGGASYEQYF,RIAAWMATY,1,0.8715
none,CASSYSISGYEQYF,QPRAPIRPI,1,0.695
none,CSATTLVDSYNEQFF,QPRAPIRPI,1,0.9957
none,CASSPSWLSGVTQYF,KAANIVLTV,1,0.9115
none,CASTPLSNQPQHF,RLSDFSEQL,1,0.9278
none,CATSTRDTGNEQFF,LLHGFSFYL,1,0.96
none,CASSQARGGAETQYF,TSTLQEQIGW,1,0.4858
none,CAISRQGARQETQYF,TSTLQEQIGW,1,0.8379
none,CASSPGVGTEAFF,EFTVSGNIL,1,0.9515
none,CASSPHAGGVDEKLFF,EEAAGIGIL,1,0.9752
none,CASSALFSGANVLTF,KASEKIFYV,1,0.9751
none,CATSSEDSSNQPQHF,HRRGSRSYV,1,0.9207
none,CASSLMGGGNTIYF,RYGSFSVTL,1,0.8479
none,CASSPGASYEQYF,ESITGSLGPLL,1,0.9139
none,CASSLLPEGTGRVSGYTF,VYFFLPDHL,1,0.5851
none,CASSSSYSNQPQHF,APRGPHGGAASGL,1,0.9476
none,CSANPRTTLYEQYF,MEVDPIGHLY,1,0.984
none,CASSLASGSNQPQHF,RVRFFFPSL,1,0.6084
none,CASSHHSGGIYNEQFF,FQDYIKSYL,1,0.9597
none,CASSQDSHSTSTDTQYF,KASEKIFYV,1,0.9404
none,CATSSFRMTGDNSPLHF,KASEKIFYV,1,0.9742
none,CASSWEYEQYF,KASEKIFYV,1,0.5732
none,ASSSDQNSGDPYEQYF,GVYDGREHTV,1,0.924
none,ASSSDQNSGDPYEQYF,AVYDGREHTV,1,0.9181
none,CAIRQFDANTGELFF,NMIHFAPNV,1,0.957
none,CAIRQFDANTGELFF,RCMLQCPSV,1,0.9634
none,CAIRQFDANTGELFF,LHMEFCSCC,1,0.968
none,CAIRQFDANTGELFF,LVLEVDPNI,1,0.9674
none,CAIRQFDANTGELFF,CFLLILPNC,1,0.9689
none,CAIRQFDANTGELFF,CFVECAPVC,1,0.9619
none,CAIRQFDANTGELFF,KVKEVCPNV,1,0.9602
none,CAIRQFDANTGELFF,AEMEFCPCC,1,0.969
none,CAIRQFDANTGELFF,THLMVLCCV,1,0.9584
none,CAIRQFDANTGELFF,KLLEIAPNC,1,0.9635
none,CAIRQFDANTGELFF,KMVTVCPNT,1,0.9463
none,CAIRQFDANTGELFF,RTMEVCYNT,1,0.95
none,CAIRQFDANTGELFF,GCQEICPAC,1,0.9711
none,CAIRQFDANTGELFF,EIQEFCPNT,1,0.971
none,CAIRQFDANTGELFF,NDMLVCANI,1,0.9535
none,CASSIIAGSSYNEQFF,NMIHFAPNV,1,0.8331
none,CASSIIAGSSYNEQFF,KVKEVCPNV,1,0.8831
none,CASSIIAGSSYNEQFF,LVLEVDPNI,1,0.8157
none,CASSIIAGSSYNEQFF,FDVMVMPNL,1,0.8233
none,CASSIIAGSSYNEQFF,NDMLVCANI,1,0.768
none,CASSIIAGSSYNEQFF,KTVGIYPNA,1,0.7908
none,CASSIIAGSSYNEQFF,IMIEFCPGG,1,0.9229
none,CASSIIAGSSYNEQFF,CHIPVEPNT,1,0.8853
none,CASSIIAGSSYNEQFF,AEMEFCPCC,1,0.913
none,CASSIIAGSSYNEQFF,EIQEFCPNT,1,0.9191
none,CASSIIAGSSYNEQFF,RTMEVCYNT,1,0.8386
none,CASSIIAGSSYNEQFF,KLLEIAPNC,1,0.8556
none,CASSIIAGSSYNEQFF,KMVTVCPNT,1,0.8893
none,CASSIIAGSSYNEQFF,CFVECAPVC,1,0.8833
none,CASSIIAGSSYNEQFF,GCQEICPAC,1,0.9284
none,CASSIIAGSSYNEQFF,NMINFAPNI,1,0.9009
none,CASSSGNPSTDTQYF,KLLEIAPNC,1,0.8979
none,CASSSGNPSTDTQYF,NMINFAPNI,1,0.921
none,CASSSGNPSTDTQYF,CFVECAPVC,1,0.9525
none,CASSSGNPSTDTQYF,EIQEFCPNT,1,0.9537
none,CASSSGNPSTDTQYF,NMIHFAPNV,1,0.8765
none,CASSSGNPSTDTQYF,AEMEFCPCC,1,0.9475
none,CASSSGNPSTDTQYF,GCQEICPAC,1,0.9642
none,CASRGQNTGELFF,LVLEVDPNI,1,0.8698
none,CASRGQNTGELFF,RCMLQCPSV,1,0.8635
none,CASRGQNTGELFF,LHMEFCSCC,1,0.8546
none,CASRGQNTGELFF,KVKEVCPNV,1,0.8652
none,CASRGQNTGELFF,NMINFAPNI,1,0.8705
none,CASRGQNTGELFF,GAVECCPNC,1,0.8763
none,CASRGQNTGELFF,RTMEVCYNT,1,0.8892
none,CASRGQNTGELFF,QDVEIPPNI,1,0.8933
none,CASRGQNTGELFF,CFVECAPVC,1,0.8766
none,CASRGQNTGELFF,KMVTVCPNT,1,0.9041
none,CASRGQNTGELFF,FDVMVMPNL,1,0.9043
none,CASRGQNTGELFF,KIILFLPCI,1,0.859
none,CASRGQNTGELFF,AEMEFCPCC,1,0.8249
none,CASRGQNTGELFF,CFLLILPNC,1,0.9192
none,CASRGQNTGELFF,NNILIATCV,1,0.8711
none,CASRGQNTGELFF,CHIPVEPNT,1,0.8819
none,CASRGQNTGELFF,CCIEVINNT,1,0.9141
none,CASRGQNTGELFF,GCQEICPAC,1,0.8973
none,CASRGQNTGELFF,NMIHFAPNV,1,0.8305
none,CASRGQNTGELFF,KTVGIYPNA,1,0.8966
none,CASRGQNTGELFF,IMIEFCPGG,1,0.8812
none,CASRGQNTGELFF,KLLEIAPNC,1,0.8679
none,CASRGQNTGELFF,THLMVLCCV,1,0.9007
none,CASRGQNTGELFF,NDMLVCANI,1,0.8906
none,CASRGQNTGELFF,EIQEFCPNT,1,0.8942
none,CASSVLNTGELFF,NNILIATCV,1,0.8617
none,CASSVLNTGELFF,KIILFLPCI,1,0.8807
none,CASSVLNTGELFF,IMIEFCPGG,1,0.8872
none,CASSVLNTGELFF,THLMVLCCV,1,0.9347
none,CASSVLNTGELFF,KVKEVCPNV,1,0.8719
none,CASSVLNTGELFF,RCMLQCPSV,1,0.8367
none,CASSVLNTGELFF,FDVMVMPNL,1,0.8944
none,CASSVLNTGELFF,NDMLVCANI,1,0.8688
none,CASSVLNTGELFF,CFLLILPNC,1,0.9435
none,CASSVLNTGELFF,GAVECCPNC,1,0.8898
none,CASSVLNTGELFF,KMVTVCPNT,1,0.9154
none,CASSVLNTGELFF,QDVEIPPNI,1,0.8602
none,CASSVLNTGELFF,RTMEVCYNT,1,0.8511
none,CASSVLNTGELFF,LHMEFCSCC,1,0.8395
none,CASSVLNTGELFF,LVLEVDPNI,1,0.8418
none,CASSVLNTGELFF,AEMEFCPCC,1,0.8375
none,CASSVLNTGELFF,GCQEICPAC,1,0.9169
none,CASSVLNTGELFF,KLLEIAPNC,1,0.8906
none,CASSVLNTGELFF,KTVGIYPNA,1,0.8815
none,CASSVLNTGELFF,CCIEVINNT,1,0.9019
none,CASSVLNTGELFF,EIQEFCPNT,1,0.8769
none,CASSVLNTGELFF,NMINFAPNI,1,0.9093
none,CASSVLNTGELFF,CFVECAPVC,1,0.8853
none,CASSVLNTGELFF,CHIPVEPNT,1,0.8909
none,CASSVLNTGELFF,NMIHFAPNV,1,0.8779
none,CASSDTPDLNTEAFF,KVKEVCPNV,1,0.9303
none,CASSDTPDLNTEAFF,CCIEVINNT,1,0.8279
none,CASSDTPDLNTEAFF,RTMEVCYNT,1,0.8702
none,CASSDTPDLNTEAFF,GCQEICPAC,1,0.9286
none,CASSDTPDLNTEAFF,NMIHFAPNV,1,0.8119
none,CASSDTPDLNTEAFF,KLLEIAPNC,1,0.829
none,CASSDTPDLNTEAFF,AEMEFCPCC,1,0.8926
none,CASSDTPDLNTEAFF,NNILIATCV,1,0.7557
none,CASSDTPDLNTEAFF,CFLLILPNC,1,0.8509
none,CASSDTPDLNTEAFF,EIQEFCPNT,1,0.8668
none,CASSDTPDLNTEAFF,CFVECAPVC,1,0.8844
none,CASSDTPDLNTEAFF,THLMVLCCV,1,0.8644
none,CAISARDQNTGELFF,KMVTVCPNT,1,0.9685
none,CAISARDQNTGELFF,KVKEVCPNV,1,0.9669
none,CAISARDQNTGELFF,NDMLVCANI,1,0.9672
none,CAISARDQNTGELFF,THLMVLCCV,1,0.9615
none,CAISARDQNTGELFF,KLLEIAPNC,1,0.9288
none,CAISARDQNTGELFF,RTMEVCYNT,1,0.9555
none,CAISARDQNTGELFF,CFLLILPNC,1,0.9669
none,CASSILGASNQPQHF,RTMEVCYNT,1,0.8426
none,CASSILGASNQPQHF,LVLEVDPNI,1,0.8135
none,CASSILGASNQPQHF,AEMEFCPCC,1,0.9075
none,CASSILGASNQPQHF,CFVECAPVC,1,0.8944
none,CASSILGASNQPQHF,EIQEFCPNT,1,0.8692
none,CASSILGASNQPQHF,KVKEVCPNV,1,0.8448
none,CASSILGASNQPQHF,KLLEIAPNC,1,0.8583
none,CASSILGASNQPQHF,THLMVLCCV,1,0.9163
none,CASSILGASNQPQHF,GAVECCPNC,1,0.8555
none,CASSILGASNQPQHF,GCQEICPAC,1,0.9364
none,CASSILGASNQPQHF,CFLLILPNC,1,0.8962
none,CASRSQNYYGYTF,AEMEFCPCC,1,0.956
none,CASRSQNYYGYTF,GCQEICPAC,1,0.9754
none,CASRSQNYYGYTF,CFVECAPVC,1,0.9646
none,CASRSQNYYGYTF,NMINFAPNI,1,0.9526
none,CASRSQNYYGYTF,CFLLILPNC,1,0.9661
none,CASRSQNYYGYTF,EIQEFCPNT,1,0.9697
none,CASRSQNYYGYTF,CCIEVINNT,1,0.9582
none,CASRSQNYYGYTF,KVKEVCPNV,1,0.9667
none,CASRSQNYYGYTF,RTMEVCYNT,1,0.9437
none,CASRSQNYYGYTF,KLLEIAPNC,1,0.9511
none,CASSLILDSPLHF,MTLHGFMMY,1,0.7233
none,CASSVTFRTGPMYGYTF,MTLHGFMMY,1,0.9346
none,CASSLDLDSDGYTF,MTLHGFMMY,1,0.7518
none,CASSESENSYGYTF,MTLHGFMMY,1,0.4981
none,CASSPPGSKAYGYTF,MTLHGFMMY,1,0.652
none,CASGTAGGPSTDTQYF,MTLHGFMMY,1,0.8612
none,CASSLTGGGNYGYTF,MTLHGFMMY,1,0.5422
none,CASSFLADGELFF,MTLHGFMMY,1,0.9307
none,CASSLSWGETQYF,MTLHGFMMY,1,0.6793
none,CASSYHGQGAVDTQYF,MTLHGFMMY,1,0.8298
none,CASSEGDRETGELFF,MTLHGFMMY,1,0.772
none,CASSTRLARNNEQFF,MTLHGFMMY,1,0.9439
none,CASSEGYWGTGRDTQYF,MTLHGFMMY,1,0.8889
none,CASSLTGRETQYF,MTLHGFMMY,1,0.5772
none,CASSPTLYNEQFF,VYALIAGATL,1,0.8754
none,CASSLSYLNEQFF,VYALIAGATL,1,0.6158
none,CASHPVGSLTDTQYF,VYALIAGATL,1,0.9361
none,CASSEWVFWSSYNSPLHF,VYALIAGATL,1,0.6228
none,CASTGSYGYTFGSGTRLTVT,KSFVPELKPAF,1,0.9387
none,CASTGSYGYTFGSGTRLTVT,LSGSPELRMIF,1,0.9468
none,CASTGSYGYTFGSGTRLTVT,RTYVPEIKHRW,1,0.9343
none,CASTGSYGYTFGSGTRLTVT,NSVKPEIRPVW,1,0.931
none,CASTGSYGYTFGSGTRLTVT,ASFRPELAEFW,1,0.9168
none,CASTGSYGYTFGSGTRLTVT,RSFVPEIGMGF,1,0.9401
none,CASTGSYGYTFGSGTRLTVT,GTIRPEIPDYF,1,0.9208
none,CASTGSYGYTFGSGTRLTVT,WTYRPEVRGVW,1,0.9321
none,CASTGSYGYTFGSGTRLTVT,GSLSPELRPIF,1,0.9297
none,CASTGSYGYTFGSGTRLTVT,LSLRPEIPLFF,1,0.9378
none,CASTGSYGYTFGSGTRLTVT,YSFKPELKEIF,1,0.9136
none,CASTGSYGYTFGSGTRLTVT,SSGVPEVRMMF,1,0.9478
none,CASTGSYGYTFGSGTRLTVT,LTISPEIPPYF,1,0.9426
none,CASTGSYGYTFGSGTRLTVT,RSLAPEVRGYW,1,0.9474
none,CASTGSYGYTFGSGTRLTVT,GSLAPEIRMYW,1,0.9289
none,CASTGSYGYTFGSGTRLTVT,KSLTPEVRGYW,1,0.9483
none,CASTGSYGYTFGSGTRLTVT,KSLAPEVRDLF,1,0.9411
none,CASTGSYGYTFGSGTRLTVT,SALRPEIRLLW,1,0.9296
none,CASTGSYGYTFGSGTRLTVT,SSFSPELRMRW,1,0.9315
none,CASTGSYGYTFGSGTRLTVT,KSCTPEVREYF,1,0.9303
none,CASTGSYGYTFGSGTRLTVT,NSLKPEIPDYF,1,0.936
none,CASTGSYGYTFGSGTRLTVT,NSFRPEVAMKY,1,0.9212
none,CASTGSYGYTFGSGTRLTVT,ASFSPELRMAW,1,0.9318
none,CASTGSYGYTFGSGTRLTVT,GTIRPEIREMW,1,0.9142
none,CASTGSYGYTFGSGTRLTVT,LSITPEISPYF,1,0.9505
none,CASTGSYGYTFGSGTRLTVT,LTITPEIAPFF,1,0.9505
none,CASTGSYGYTFGSGTRLTVT,LSITPEIAPYF,1,0.9502
none,CASTGSYGYTFGSGTRLTVT,LTITPEIRPYF,1,0.9466
none,CASTGSYGYTFGSGTRLTVT,LTISPEIPSYF,1,0.94
none,CASTGSYGYTFGSGTRLTVT,LTLTPEIAPYF,1,0.9536
none,CASTGSYGYTFGSGTRLTVT,LAITPEIAPYF,1,0.9549
none,CASTGSYGYTFGSGTRLTVT,LTITPEIAPYF,1,0.9494
none,CASSWEGQYNEQFF,ESEERPPTPY,1,0.6879
none,CASSSEGQFNEQFF,ESEERPPTPY,1,0.8204
none,CASSPEGVFNEQFF,ESEERPPTPY,1,0.6395
none,CASSYGIYEQFF,ESEERPPTPY,1,0.7796
none,ASSPGGNEQL,ILDQVPFSV,1,0.6777
none,CASMGLAQETQYF,RAFSPEVIPMF,1,0.7273
none,CASRGGSGELF,RAFSPEVIPMF,1,0.6046
none,CASSGFRDRVNEQYF,RAFSPEVIPMF,1,0.9504
none,CASSQGVTTGGFLNYGYTF,RAFSPEVIPMF,1,0.8782
none,CASTDTGDYGYTF,RAFSPEVIPMF,1,0.9336
none,CASTDTGYYGYTF,RAFSPEVIPMF,1,0.9438
none,CASSPDRSGQFF,SLFWNEPAI,1,0.7377
none,CASSLGPGSYGYTF,SLFWNEPAI,1,0.7018
none,CASSRGGMSGELFF,SLFWNEPAI,1,0.7456
none,CASSFQGNTGELFF,SLFWNEPAI,1,0.9492
none,CASSPFQGAIEQYF,SLFWNEPAI,1,0.9722
none,CASSSTGGGGELFF,LLWNTVWNM,1,0.9068
none,CASSFLMTSGDYEQYF,AVYDGREHTV,1,0.8926
none,CASSSDQNGDPYEQYF,AVYDGREHTV,1,0.9292
none,CASSLWAGHGYTF,YLCLQNNFI,1,0.6222
none,CSVRSGNEQFF,HIMPDTAEI,1,0.9327
none,CSARDRNYGYTF,YFFWGLWAL,1,0.9509
none,CASSLIRGSYEQYF,YFFWGLWAL,1,0.5601
none,CASSGRSTDTQYF,LASYFFWGL,1,0.9417
none,CASSGGTGYEQYF,NLQREEYTV,1,0.8803
none,CASSTSAANQPQHF,NLQREEYTV,1,0.891
none,CSAIYREGNTGELFF,AMAVLYLAL,1,0.9382
none,CASSPGGEGEQYF,FQAQHIAMA,1,0.7651
none,CASSLRSSYEQYF,FQAQHIAMA,1,0.8785
none,CASSFGTGGYEQYF,IAMAVLYLA,1,0.9682
none,CASGGADMKTEAFF,CVETMCNEY,1,0.783
none,CASSLARNQPQHF,CVETMCNEY,1,0.4425
none,CASSPGGGKETQYF,DEEDAIAAY,1,0.833
none,CASSFATGTAYGYTF,LSEFCRVLCCYVLEE,1,0.965
none,CASSNPQGAKYEQFF,LSEFCRVLCCYVLEE,1,0.9309
none,CASSFATGTAYGYTF,LSEFCRVLCCYVLEE,1,0.965
none,CASSNPQGAKYEQFF,LSEFCRVLCCYVLEE,1,0.9309
none,CASSYNSAGYNEQFF,ARNLVPMVATVQGQN,1,0.9013
none,CASTDGQKNSPLHF,ARNLVPMVATVQGQN,1,0.919
none,CATESTGIGGYTF,ARNLVPMVATVQGQN,1,0.8478
none,CASRPGTASYEQYF,CPSQEPMSIYVY,1,0.9549
none,CASRPGTSSYEQYF,CPSQEPMSIYVY,1,0.9531
none,CASAGETQYF,EDVPSGKLFMHVTLG,1,0.5115
none,CASSLVAGYGSYNEQFF,FPTKDVAL,1,0.4343
none,CASSQDRASPLHEQFF,FPTKDVAL,1,0.8619
none,CASSQDWGDGYTF,FPTKDVAL,1,0.844
none,CASSQVGHEQFF,FPTKDVAL,1,0.6512
none,CAWSEPGLDQPQHF,FPTKDVAL,1,0.3952
none,CAWSEPQNLPSLYGYTF,FPTKDVAL,1,0.451
none,CAWSLASGGTDNEQFF,FPTKDVAL,1,0.221
none,CAWSPTGDQPQHF,FPTKDVAL,1,0.7753
none,CAWSVAAGILEQFF,FPTKDVAL,1,0.4452
none,CAWSVASGANNEQFF,FPTKDVAL,1,0.5586
none,CASPGETEAFF,LPEPLPQGQLTAY,1,0.4788
none,CASPGLAGEYEQYF,LPEPLPQGQLTAY,1,0.8309
none,CASSIGTGGSQPQHF,LPEPLPQGQLTAY,1,0.6327
none,CASSKLGTSEETQYF,LPEPLPQGQLTAY,1,0.7689
none,CASSRTGSTYEQYF,LPEPLPQGQLTAY,1,0.9106
none,CASSYLPGQGDHYSNQPQHF,FLKEQGGL,1,0.6931
none,CASSFEAGQGFFSNQPQHF,FLKEQGGL,1,0.9376
none,CASSFEPGQGFYSNQPQHF,FLKEQGGL,1,0.8706
none,CASSYEPGQVSHYSNQPQHF,FLKEQGGL,1,0.4676
none,CASSYLPGQGDHYSNQPQHF,FLKETGGL,1,0.7182
none,CASSFEAGQGFFSNQPQHF,FLKETGGL,1,0.949
none,CASSFEPGQGFYSNQPQHF,FLKETGGL,1,0.8759
none,CASSYEPGQVSHYSNQPQHF,FLKETGGL,1,0.4913
none,CASSYLPGQGDHYSNQPQHF,FLKEMGGL,1,0.7049
none,CASSFEAGQGFFSNQPQHF,FLKEMGGL,1,0.9322
none,CASSFEPGQGFYSNQPQHF,FLKEMGGL,1,0.8426
none,CASSYEPGQVSHYSNQPQHF,FLKEMGGL,1,0.4182
none,CASSAYRGQANEQFF,QVPLRPMTYK,1,0.9543
none,CASSYSRGVGNTIYF,QVPLRPMTYK,1,0.3911
none,CAISDFDRAGTQYF,QVPLRPMTYK,1,0.9057
none,CASYPDRGRVNEQFF,QVPLRPMTYK,1,0.7974
none,CSARVRAGSYNEQFF,QVPLRPMTYK,1,0.9767
none,CASSLYTSNNEQFF,QVPLRPMTYK,1,0.867
none,CASPGLAGEYEQYF,LPEPLPQGQLTAY,1,0.8309
none,CASSQDRDTQYF,VMAPRTLIL,1,0.6878
none,CASRPGLAGGRPEQYF,LLFGPVYV,1,0.8807
none,CASSLWEKLAKNIQYF,ALWGPDPAAA,1,0.2444
none,CASSSWDTGELFF,RYPLTLGWCF,1,0.942
none,CASPGETEAFF,LPEPLPQGQLTAY,1,0.4788
none,CASSRTGSTYEQYF,LPEPLPQGQLTAY,1,0.9106
none,CASSYQGTEAFF,ILAKFLHWL,1,0.8629
none,CASSARSGELFF,HPVGDADYFEY,1,0.9683
none,CSARQYRTDMNTEAFF,ILKEPVHGV,1,0.9866
none,CSVEVGAGETQYF,ILKEPVHGV,1,0.7324
none,CASSYEWGGLPKNIQYF,ILKEPVHGV,1,0.7452
none,CASRLVGIGNSPLHF,ILKEPVHGV,1,0.7014
none,CAISEDGGETQYF,ILKEPVHGV,1,0.7014
none,CASSFGGDEQHF,ILKEPVHGV,1,0.9095
none,CASSYSRGSGNTIYF,QVPLRPMTYK,1,0.4294
none,CASRQQGFVFEAKNIQYF,QVPLRPMTYK,1,0.9057
none,CSAPTSGSAAFF,QVPLRPMTYK,1,0.9897
none,CASRPGPVKNTGELFF,QVPLRPMTYK,1,0.8407
none,CASSGGAHFSKIPLAGYNEQFF,QVPLRPMTYK,1,0.8423
none,CASSLTGHPYEQYF,QVPLRPMTYK,1,0.7725
none,CSVEDRHYEQYF,QVPLRPMTYK,1,0.572
none,CASSYSRGAGNTIYF,QVPLRPMTYK,1,0.4021
none,CASSIGTGGSQPQHF,LPEPLPQGQLTAY,1,0.6327
none,CASSKLGTSEETQYF,LPEPLPQGQLTAY,1,0.7689
none,CASPGLAGEYEQYF,LPEPLPQGQLTAY,1,0.8309
none,CASPGETEAFF,LPEPLPQGQLTAY,1,0.4788
none,CASSRTGSTYEQYF,LPEPLPQGQLTAY,1,0.9106
none,CASSEEGAWNTGELFF,TLNAWVKVV,1,0.6197
none,CASSPRGDWEEKAGELFF,KINAWIKVV,1,0.9168
none,CSAFSSGTGGVTGELFF,KINAWIKVV,1,0.9533
none,CASSLVPQGEEQYF,TLNAWVKVV,1,0.5177
none,CASSYRGQSYEQYF,TLNAWVKVV,1,0.8049
none,CSARDAGGDYGYTF,TLNAWVKVV,1,0.9624
none,CSASRDSYEQYF,KINAWIKVV,1,0.975
none,CASSLGAAVREQYF,LPRRSGAAGA,1,0.7467
none,CASSVESGGLSYEQYF,LPRRSGAAGA,1,0.325
none,CASSLGRETQYF,LPRRSGAAGA,1,0.5382
none,CASSLAGQGSPYEQYF,LPRRSGAAGA,1,0.3247
none,CASSLIGVSSYNEQFF,LPRRSGAAGA,1,0.6842
none,CAWSDRGLVDTQYF,LPRRSGAAGA,1,0.6663
none,CASSGDHSYEQYF,LPRRSGAAGA,1,0.7686
none,CASSQGFGANVLTF,AAFKRSCLK,1,0.9264
none,CASVSGQGVSPLHF,AAFKRSCLK,1,0.934
none,CATSRDGAGLVNQPQHF,AAFKRSCLK,1,0.5701
none,CASSQDPGSSYNEQFF,AAFKRSCLK,1,0.8117
none,CASSPNPQGANMDTQYF,RSGGFSFGK,1,0.6675
none,CASSFTSGTDTQYF,FLGKIWPSHK,1,0.9692
none,CASSYVGGDGYTF,FLGKIWPSHK,1,0.7511
none,CASSLAAGGDEQYF,FLGKIWPSHK,1,0.4368
none,CASSIAIADEKLFF,FLGKIWPSHK,1,0.6126
none,CASSLSGGGDTQYF,FLGKIWPSHK,1,0.5304
none,CASSEGSQEVFF,FLGKIWPSHK,1,0.7478
none,CASSEGLQEVFF,FLGKIWPSHK,1,0.737
none,CASSPRGRDETQYF,FPQGEAREL,1,0.8325
none,CASSPRGREETQYF,FPQGEAREL,1,0.8325
none,CASSHTTGGRTEAFF,GEIYKRWII,1,0.9744
none,CASSTKAGGLADTQYF,GEIYKRWII,1,0.9509
none,CASSEGLWQVGDEQYF,HMTEVVRHC,1,0.6814
none,CAISELVTGDSPLHF,HMTEVVRHC,1,0.8662
none,CASSIQQGADTQYF,HMTEVVRHC,1,0.805
none,CASSLGEGRVDGYTF,GADGVGKSAL,1,0.3421
none,CASSDPGTEAFF,GADGVGKSAL,1,0.7313
none,CASSFGQSSTYGYTF,GADGVGKSAL,1,0.9839
none,CASSLGRASNQPQHF,GADGVGKSAL,1,0.3773
none,CASSLGQTNYGYTF,GADGVGKSAL,1,0.81
none,CASSSQGGYGYTF,KVDPIGHVY,1,0.9534
none,CASSFDRGYGYTF,KVDPIGHVY,1,0.9021
none,CASSLSGGLLRTGELFF,FVVPYMIYLL,1,0.3226
none,CASSGRVTGGFYNEQFF,VQIISCQY,1,0.7522
none,CASSFGGAYEQYF,VQIISCQY,1,0.9407
none,CASSTSTGQGWHYGYTF,MLIGIPVYV,1,0.9662
none,CASRPSRGTNYGYTF,KLYGLDWAEL,1,0.8673
none,CASSERGMVEAFF,KLYGLDWAEL,1,0.4839
none,CASSPRNLGPSGSYEQYF,KLYGLDWAEL,1,0.6686
none,CASSQNYEQYF,ALDPHSGHFV,1,0.7314
none,CASSYSWGAGYEQYF,ALDPHSGHFV,1,0.6562
none,CASTPTGAYEQYF,ALDPHSGHFV,1,0.9526
none,CSAGTGELFF,ALDPHSGHFV,1,0.884
none,CASSLGGNLYEQYF,EFFWDANDIY,1,0.7427
none,CASSPARNTEAFF,RPHERNGFTV,1,0.5755
none,CASSPHRNTEAFF,RPHERNGFTV,1,0.8977
none,CASSPSRNTEAFF,RPHERNGFTV,1,0.7455
none,CASSQAALAGFGYEQYF,RPHERNGFTV,1,0.7324
none,CASRPGTSSYEQYF,CPSQEPMSIYVY,1,0.9531
none,CAWSEPQNLPSLYGYTF,FPTKDVAL,1,0.451
none,CAWSVASGANNEQFF,FPTKDVAL,1,0.5586
none,CAWSVAAGILEQFF,FPTKDVAL,1,0.4452
none,CASSLVAGYGSYNEQFF,FPTKDVAL,1,0.4343
none,CASSQDRASPLHEQFF,FPTKDVAL,1,0.8619
none,CASSQDWGDGYTF,FPTKDVAL,1,0.844
none,CASSQVGHEQFF,FPTKDVAL,1,0.6512
none,CAWSPTGDQPQHF,FPTKDVAL,1,0.7753
none,CAWSEPGLDQPQHF,FPTKDVAL,1,0.3952
none,CAWSLASGGTDNEQFF,FPTKDVAL,1,0.221
none,CASRPGQHTGELFF,DATYQRTRALVR,1,0.9081
none,CANPPGSSYNEQFF,DATYQRTRALVR,1,0.8643
none,CASSQAGSSYEQYF,DATYQRTRALVR,1,0.734
none,CASSEAGGPGYEQYF,DATYQRTRALVR,1,0.3216
none,CSVRDISTNEKLFF,DATYQRTRALVR,1,0.9598
none,CASSLVNGLGYTF,SMGVTYEM,1,0.8657
none,CASSLVNGLGYTF,YMGVSYEM,1,0.8636
none,CASSLVNGLGYTF,YMGVVYEM,1,0.8295
none,CASSLVNGLGYTF,KMGVTYEM,1,0.8748
none,CASSLVNGLGYTF,FMGVTYEM,1,0.8635
none,CASSRDTVNTEAFF,LMDMHNGQL,1,0.8898
none,CASSRDTVNTEAFF,RLDAMNGQL,1,0.886
none,CASSRDTVNTEAFF,RMDYNNMQM,1,0.9297
none,CASSRDTVNTEAFF,GMDYHNGHL,1,0.8594
none,CASSRDTVNTEAFF,KMDYFSGQL,1,0.9203
none,CASSRDTVNTEAFF,SMDWFQGQM,1,0.9116
none,CASSRDTVNTEAFF,LMDYWQGQL,1,0.874
none,CASSRDTVNTEAFF,NMMWFQGQL,1,0.8883
none,CASSRDTVNTEAFF,VLDLFQGQL,1,0.8529
none,CASSRDTVNTEAFF,MMDFFNAQM,1,0.9083
none,CASSRDFVSNEQYF,TMDFYQGQL,1,0.8421
none,CASSRDFVSNEQYF,KMDYFSGQL,1,0.8729
none,CASSRDFVSNEQYF,SMDWFQGQM,1,0.8917
none,CASSRDFVSNEQYF,LMDYWQGQL,1,0.8491
none,CASSRDFVSNEQYF,NMMWFQGQL,1,0.8637
none,CASSRDFVSNEQYF,MMDFFNAQM,1,0.8643
none,CASSPSGLAGSNLGNEQFF,RMEQVDWTV,1,0.7489
none,CASSPSGLAGSNLGNEQFF,KLEFMDWRL,1,0.6006
none,CASSPSGLAGSNLGNEQFF,WLDNFELCL,1,0.633
none,CASSPSGLAGSNLGNEQFF,TLEYMDWLV,1,0.6837
none,CASSPSGLAGSNLGNEQFF,EMMLFDWKV,1,0.7235
none,CASSPSGLAGSNLGNEQFF,KLEQLDWTV,1,0.6993
none,CASSPSGLAGSNLGNEQFF,TMETIDWKV,1,0.7098
none,CASSPSGLAGSNLGNEQFF,TLEELDWCL,1,0.7034
none,CASSPSGLAGSNLGNEQFF,LLEDLDWDV,1,0.6448
none,CASSPSGLAGSNLGNEQFF,VLEEVDWLI,1,0.747
none,CASSPSGLAGSNLGNEQFF,NMEYMTWDV,1,0.6598
none,CASSPSGLAGSNLGNEQFF,NVEYYDIKL,1,0.5301
none,CASSRGTLHYGYTF,FYGKTILWF,1,0.9361
none,CASSLGQGCSNQPQHF,FYGKTILWF,1,0.3037
none,CASSLGAAPQETQYF,FYGKTILWF,1,0.7833
none,CASSTRVVAGNNEQFF,FYGKTILWF,1,0.9714
none,CASSLPLGYEQYF,LAMPFATPM,1,0.671
none,CASSESQGDYYGYTF,VLNGTVHPV,1,0.6712
none,CASSQRQEGDTQYF,APRGPHGGAASGL,1,0.8771
none,CASSGGHTGSNEQFF,APRGPHGGAASGL,1,0.7885
none,CASSFNMATGQYF,EVDPIGHLY,1,0.9355
none,CASSPGDEQFF,CRVLCCYVL,1,0.6935
none,CASTPGDEQFF,CRVLCCYVL,1,0.8208
none,CASSAGDEQYF,CRVLCCYVL,1,0.8314
none,CASSPGDEQYF,CRVLCCYVL,1,0.7229
none,CASSPGDTQYF,CRVLCCYVL,1,0.6991
none,CASTHGDEQFF,CRVLCCYVL,1,0.9032
none,CASTPGDEQYF,CRVLCCYVL,1,0.8502
none,CASTQGDEQFF,CRVLCCYVL,1,0.7847
none,CASTSGDEQFF,CRVLCCYVL,1,0.8681
none,CASTTGDEQFF,CRVLCCYVL,1,0.9033
none,CATSPGDEQYF,CRVLCCYVL,1,0.7437
none,CASTLGDEQYF,CRVLCCYVL,1,0.5401
none,CAVTAGDEQFF,CRVLCCYVL,1,0.8102
none,CASSPISNEQFF,CRVLCCYVL,1,0.7913
none,CASSPVSNEQFF,CRVLCCYVL,1,0.7784
none,CASSPISNEQYF,CRVLCCYVL,1,0.7799
none,CASSPGTPRDEQFF,CRVLCCYVL,1,0.8785
none,CASSQGTPRDEQYF,CRVLCCYVL,1,0.7971
none,CASSSGQKNTEAFF,CRVLCCYVL,1,0.961
none,CASSTGQKNTEAFF,CRVLCCYVL,1,0.9625
none,CASTPGQKNTEAFF,CRVLCCYVL,1,0.9489
none,CASTTGQKNTEAFF,CRVLCCYVL,1,0.9689
none,CATTSGQKNTEAFF,CRVLCCYVL,1,0.9578
none,CASQPGQKNTEAFF,CRVLCCYVL,1,0.8818
none,CASSSGLTNTEAFF,CRVLCCYVL,1,0.9614
none,CSAPDWNNEQFF,CRVLCCYVL,1,0.954
none,CSAPDWGNEQFF,CRVLCCYVL,1,0.9462
none,CSAPNWFNEQFF,CRVLCCYVL,1,0.9662
none,CSAPTWDNEQFF,CRVLCCYVL,1,0.981
none,CASSFPDTQYF,CRVLCCYVL,1,0.861
none,CASTPWGAEAFF,CRVLCCYVL,1,0.8578
none,CATSRTGGETQYF,FRCPRRFCF,1,0.7464
none,CATSREGGETQYF,FRCPRRFCF,1,0.3599
none,CATSAEGGETQYF,FRCPRRFCF,1,0.6229
none,CATSGTAGETQYF,FRCPRRFCF,1,0.8324
none,CATSRDAGETQYF,FRCPRRFCF,1,0.8316
none,CATSRDGGETQYF,FRCPRRFCF,1,0.6317
none,CATSRVAGETQYF,FRCPRRFCF,1,0.8076
none,CATSVTGGETQYF,FRCPRRFCF,1,0.7808
none,CASSGGLEAFF,FRCPRRFCF,1,0.6356
none,CASSLGLEAFF,FRCPRRFCF,1,0.5906
none,CASSVGGGVTDTQYF,MVNTVAGAMK,1,0.7983
none,CASSLDPGDTGELFF,HMTEVVRHC,1,0.7625
none,CASNLGGGSTDTQYF,SSCMGGMNWR,1,0.7162
none,CASSFGSGSTDTQYF,SSCMGGMNWR,1,0.981
none,CASSLGTGSTDTQYF,SSCMGGMNWR,1,0.8238
none,CASSPGPNQPQHF,YHSIEWA,1,0.9019
none,CASTPTGNTEAFF,YHSIEWA,1,0.9601
none,CASSLDFSRQETQYF,WLIRETQPITK,1,0.7361
none,CASSLYLASNTGELFF,WLIRETQPITK,1,0.7374
none,CASSDRNTNYGYTF,GLLDEDFYA,1,0.8989
none,CASSMRVQSNTGELFF,GLLDEDFYA,1,0.964
none,CASRDHRVIYGYTF,SYMIMEIE,1,0.8347
none,CASRPWTGANEKLFF,MPYGYVLNEF,1,0.9772
none,CASSLDREDEQYF,TYDTVHRHL,1,0.5025
none,CASSANRGPDTEAFF,FGDVGSTLF,1,0.9688
none,CASSVGNGASTDTQYF,FRNEGIHL,1,0.8923
none,CASSLYRGKETQYF,RILLVAASY,1,0.3843
none,CASRTDRFLGAFF,YLSFYTAEQL,1,0.9329
none,CAWSAASGGAQDTQYF,MLFSHGLVK,1,0.5635
none,CASSPGTVKETQYF,EMLFSHGLVK,1,0.9445
none,CASSQEFVGAVLDTQYF,TLREIRRYQK,1,0.7706
none,CASSPVYGVAYEQYF,RLLQCTQQAV,1,0.9674
none,CASSQDRGIGYGYTF,LLQCTQQAV,1,0.8855
none,CASSPRPLEGLYGYTF,YLSHLPLTCKF,1,0.8578
none,CASSDLPGAPTDTQYF,ILCETCLIV,1,0.9311
none,CASSLAGSKLYEQYF,EHEGSGPEL,1,0.4273
none,CASSVERENTGELFF,WSYDSTLLAY,1,0.6798
none,CASSLARNQPQHF,CVETMCNEY,1,0.4425
none,CASGGADMKTEAFF,CVETMCNEY,1,0.783
none,CASSPGGGKETQYF,DEEDAIAAY,1,0.833
none,CASSPETGIGGQPQHF,NLSALGIFST,1,0.7217
none,CSARQGQGFLYEQYF,NLSALGIFST,1,0.9894
none,CASSFEGNTGELFF,NLSALGIFST,1,0.8549
none,CASSQVGQAIYGYTF,NLSALGIFST,1,0.8683
none,CASSTLRYEQYF,NLSALGIFST,1,0.7591
none,CSVEDRGVSYEQYF,NLSALGIFST,1,0.4435
none,CASGLDIHAFF,NLSALGIFST,1,0.5405
none,CASSPLDNWEQFF,NLSALGIFST,1,0.7411
none,CASSLEVTYEQYF,NLSALGIFST,1,0.5199
none,CASSLAGEGGNTIYF,NLSALGIFST,1,0.0555
none,CASSEGQNYGYTF,NLSALGIFST,1,0.7619
none,CATSDRGQGANWDEQFF,NLSALGIFST,1,0.3353
none,CASSVATLRVSTNEKLFF,NLSALGIFST,1,0.7116
none,CASSIQRNYGYTF,NLSALGIFST,1,0.6753
none,CASSATFNDNEKLFF,NLSALGIFST,1,0.9813
none,CATSDFGTEAFF,NLSALGIFST,1,0.9473
none,CASSGSKGAAGELFF,NLSALGIFST,1,0.811
none,CASSVRTGELFF,QVPLRPMTYK,1,0.9535
none,CASSERDSQYQETQYF,QVPLRPMTYK,1,0.8439
none,CASSARAFPEGNQPQHF,QVPLRPMTYK,1,0.9658
none,CASSYSGQGAAGELFF,QVPLRPMTYK,1,0.4312
none,CASSPVLYEQYF,QVPLRPMTYK,1,0.7763
none,CASSVRTGELFF,QVPLRPMTYK,1,0.9535
none,CASSERDSQYQETQYF,QVPLRPMTYK,1,0.8439
none,CASSARAFPEGNQPQHF,QVPLRPMTYK,1,0.9658
none,CASSYSGQGAAGELFF,QVPLRPMTYK,1,0.4312
none,CASSPVLYEQYF,QVPLRPMTYK,1,0.7763
none,CASGEVGELFF,QVPLRPMTYK,1,0.3661
none,CASRETGWGNQPQHF,QVPLRPMTYK,1,0.9141
none,CASSETNRVEMEAFF,QVPLRPMTYK,1,0.9084
none,CATSAGRQRDTGELFF,QVPLRPMTYK,1,0.8986
none,CASSKYNEQFF,QVPLRPMTYK,1,0.6228
none,CSARGAGGFTHYEQYF,QVPLRPMTYK,1,0.9466
none,CASSLVGFANTGELFF,QVPLRPMTYK,1,0.7833
none,CASSSSGRGLGIQYF,QVPLRPMTYK,1,0.7491
none,CASSVSGFSTDTQYF,QVPLRPMTYK,1,0.9041
none,CSVLKVGTSGFNEQFF,QVPLRPMTYK,1,0.8911
none,CSVPKVGTSGFNEQFF,QVPLRPMTYK,1,0.9327
none,CSVPKTGTSGFNEQFF,QVPLRPMTYK,1,0.9484
none,CSVVAGGPGDTQYF,QVPLRPMTYK,1,0.9289
none,CASSFVNFYGYTF,SYRSTYMIL,0,0.9452
none,CASSLDAGTGRKKLFF,FLRYLWREYL,0,0.5852
none,CASSFGTGHDIQYF,KQLEDEEV,0,0.9752
none,CASSAGSQGHNEQFF,LYNSASFSTF,0,0.9098
none,CVTSDRGSTDTQYF,RLAAMFFCAV,0,0.7877
none,CASSPRLGRRSDTQYF,SPNLAWPLI,0,0.7506
none,CASSLSVLGLAGGANPNEQFF,KTLETPEFV,0,0.0201
none,CASSLRASGGPPLNEQFF,LAYSFQSLL,0,0.2351
none,CASSYWAQRPDSYEQYF,FQHPYDQAHLL,0,0.5524
none,CASSIVLAVRTYEQYF,GLRAKPWV,0,0.6192
none,CASNPQGGTNEQFF,RPTEPVPLQL,0,0.9366
none,CASSDSSEDQPQHF,MTLLTLYY,0,0.7862
none,CSARLFLAGGYYEQYF,KLNEEIAII,0,0.9621
none,CASMWLAGGQETQYF,SMGIFLKSL,0,0.9508
none,CASSLEIGGFDTQYF,SPTSRMEPCL,0,0.6182
none,CATSDSQRARSTDTQYF,LVKNKEKV,0,0.8808
none,CASSPSLLAGRDTQYF,LNRSSSQGTQL,0,0.8276
none,CASSYSPDRGPEAFF,AYSFQSLLYLL,0,0.3312
none,CSAPPVV,EAKRRNMI,0,0.4378
none,CASSPDWLENEQFF,SLLSHPLPEF,0,0.8518
none,CASVPPPMTEAFF,LSDEDDEVY,0,0.3833
none,CASSRAGSALGTDTQYF,QPVNAASFGKI,0,0.7308
none,CASSQGYRDSYTEAFF,TLSQQLPREPV,0,0.9346
none,CASGRTGNNEKLFF,FLMASISSF,0,0.781
none,CASSPPGVKQGAEAFF,VMLQIINIVL,0,0.4358
none,CASSLVQGLGGTEAFF,LQLHITMPF,0,0.4432
none,CASAAGAGGSGANVLTF,LSHSFNWRK,0,0.5519
none,CASGRLDSLNTEAFF,HSEEGSRAY,0,0.9096
none,CASSQHRDNEQFF,TPSLPTLPTR,0,0.9227
none,CASSYSSANPYEQYF,YVAKYTVPV,0,0.7783
none,CSVVGGGAGETQYF,ILHFQNPGY,0,0.8811
none,CATRNMAEAFF,KESSQYYDVMY,0,0.9139
none,CASSYAVRGESEQYF,QICERIPTI,0,0.5071
none,CASALGRIGTEAFF,WLAYQVASA,0,0.6714
none,CSARGRAIYNEQFF,ATFLCPANV,0,0.9221
none,CASSSFRRRNEKLFF,TIVEHKYPSV,0,0.9384
none,CASSLRSTGVYNSPLHF,AISLLSLPL,0,0.5584
none,CASSSTGSPSYNSPLHF,AQSWAFEQV,0,0.8211
none,CAISESQPGGARGYTF,MDGLSPAYPRHMMHP,0,0.061
none,CATKRVQGRVYEQYF,RYKSHGKGY,0,0.4277
none,CSVTGQNSYNEQFF,FVENPDILRVY,0,0.9824
none,CASSQEGTSGSSYTQYF,ALIRRLQQL,0,0.5689
none,CASRVTGGGSRETQYF,NVYEVVNSKKK,0,0.8003
none,CASSLNSFIQGGQYF,WLCRRSRAASV,0,0.6945
none,CASSPPGQYTF,SWAAVTLLLLL,0,0.3028
none,CASTKDRRGGELFF,KTVSITSYI,0,0.3411
none,CASSRRGAVGRPTDTQYF,PSKNKTIV,0,0.8592
none,CASGPGVKDTQYF,KPRHKNKNRL,0,0.6161
none,CASSLATGGYRQPQHF,LLLCGVQAV,0,0.2761
none,CASSLSLGDSKNTEAFF,KKKVKGSPSF,0,0.5008
none,CASSSGVPRRDSPLHF,FVRQKHVL,0,0.913
none,CSARDAGSGRNTIYF,SASTESPAF,0,0.962
none,CASSQTSGATTYEQYF,EEKKKQQM,0,0.9628
none,CATQQGFNYGYTF,SLYNFLNLTAL,0,0.8953
none,CSAISGTGELFF,AVMAAAQAYKTAA,0,0.9898
none,CASSGLGASGNTIYF,FPKQRQNV,0,0.8681
none,CASSQRQARGPEAFF,KVHSGESRK,0,0.8352
none,CASSPTQGYDNEKLFF,TLPPAWQPF,0,0.9702
none,CSSSIRGGSMNTEAFF,SMEERIAY,0,0.9376
none,CASRDRVTTGELFF,NYARTEDFF,0,0.8888
none,CASSPNAPGTSYEQYF,YLMILSANWAY,0,0.7286
none,CASSPGMGKETQYF,RYKGSVEF,0,0.9575
none,CAIQQITPGEQYF,NPLVNSLSL,0,0.8882
none,CASSPGTSGFDYEQYF,FPLVLPSIP,0,0.8413
none,CASTPRHPTFNYGYTF,FRLLFEAVF,0,0.9428
none,CAWSYLRGGTYEQYF,AFLPWHRLF,0,0.3006
none,CSARILTGSYEQYF,ILREPVHGAY,0,0.9819
none,CASTRDRVNSNQPQHF,ISRNKFCDM,0,0.9165
none,CASSQVGRWRNEQYF,KSEALKLFL,0,0.5759
none,CASSDRGLGIEAFF,WLAYQVASA,0,0.8115
none,CASSRTGAENIQYF,KINKNPKYK,0,0.8218
none,CAWSVPGVKNEAFF,GGFLRRQFKVV,0,0.2644
none,CAWSGINSPLHF,NENEADHLD,0,0.5094
none,CSAGSASGHTGELFF,YPPRGFSPY,0,0.9905
none,CASSPDGRGGLGNGYTF,AVWKNHHMR,0,0.2697
none,CASSSLGRSNDSPRGRWTGELFF,NRYLYLSTM,0,0.5488
none,CASSSEGGGGANYGYTF,ACQGVGGPGHK,0,0.3748
none,CAWGVLRQEAFF,LCRHKRKQL,0,0.2726
none,CSVPKRGQGTDTQYF,AQALADLAGFK,0,0.7958
none,CASGQQSTGNTIYF,WGDEKSSFI,0,0.8326
none,CASSVGPGTSGISYEQYF,RRYLENGKETL,0,0.5251
none,CASRDRGRGNEKLFF,LAAKSGGLAL,0,0.5614
none,CASSYTPDGGTYNEQFF,TIFKDASGK,0,0.2264
none,CSAARLAGGPHEQYV,PPSPAGAPGPA,0,0.913
none,CASSEEGGRGFTYEQYF,ALKLKVAEL,0,0.2334
none,CASSQFGQGTDGYTF,KQWLVWLLL,0,0.9466
none,CASSQKRDGQGTDTQYF,TYGRPIRFL,0,0.7109
none,CASSPKTGSISGNTIYF,LIYIFEYDK,0,0.9379
none,CASSPVSAGQLMGEQYF,RQRTRTTV,0,0.8582
none,WGYSTGELFF,KKSGGFRIVNMLKRG,0,0.7931
none,CASSPTGGAGLKQYF,RLWGMDIDPYK,0,0.8369
none,CASKELGRTEAFF,FLCPGLLKEVY,0,0.47
none,CASSQRGLAGANVLTF,AVAAGAGK,0,0.6098
none,CASSLVAGESHEQYF,HLYRCRLSSL,0,0.6226
none,CSARTLGVFGTGELFF,RMLHWENPV,0,0.9913
none,CAWSKRSLEPQHF,GPLIEGNTSL,0,0.5607
none,CATSSVWGPNYEQYF,FYMGAGGPL,0,0.9019
none,CASSLGEPVNTGELFF,VMLENFRNLLL,0,0.5631
none,CASSYSPTRGSYNEQFF,QYLIIQNTTW,0,0.0632
none,CASSVGKQAGGSSYNEQFF,LYIVDGMAQLM,0,0.1186
none,CASAPDGTHTGELFF,RSKGDIGA,0,0.9198
none,CASSQGVGPSYEQYF,VAHFQLQMLK,0,0.9076
none,CASSYMGQGHYEQYF,NFDEVQSFLLH,0,0.8979
none,CASSSADRALTEAFF,FVTFSCHGADK,0,0.9539
none,CSASHRLPRAGSTDTQYF,ALHWVAVR,0,0.9793
none,CSVEHARGDEQYF,RYKSHGKGY,0,0.577
none,CSVETGRGYYGYTF,LVLLFLRDPYV,0,0.859
none,CSVDRTHYGYTF,STAKSTTWTY,0,0.941
none,CASSVVAVTPYGYTF,ELRLKSFL,0,0.8123
none,CASTRGQGAVSGELFF,VLAYLQIFR,0,0.8167
none,CASTPAAGGARSYNEQFF,LLMFPSTTA,0,0.5159
none,CASKRGEGVSDTQYF,GIIAAQPPNFL,0,0.2857
none,CAITPTSGIREQFF,RQMAAILLRR,0,0.9815
none,CAYHRDRVSNSNYGYTF,LVFAICYLPI,0,0.7947
none,CASSARGRTQYF,RTAPHGHVM,0,0.4714
none,CASSLPLTGTEAFF,RMCDVQVHK,0,0.777
none,CASAFGRGTDTQYF,SLAHHIQLIF,0,0.8533
none,CASSDSGGPMSEQFF,SFVALSTCHEL,0,0.8121
none,CASFQTGNQPQHF,QFKRRLIHM,0,0.9496
none,CASSDPPGTATAYGYTF,MASISSFLLV,0,0.82
none,CASSIEPLANTGELFF,CPFRPPAMLFH,0,0.2588
none,CASSLSVMGGRKYGYTF,RVKMVWYK,0,0.6183
none,CASSLWPRGMGQPQHF,QPAAHIISELI,0,0.2482
none,CASSGRTGMPSNYGYTF,IFFLGLILF,0,0.9476
none,CASSFSGHTIYF,RLGVRATRR,0,0.8911
none,CSASKQAGELFF,AICSVVRR,0,0.9483
none,CSVKKSNTIYF,FLLQLPFRG,0,0.5496
none,CASSSRGAGRANHQTGYEQYF,SSLKTLMSHY,0,0.8624
none,CSAERRGQTRETQYF,YSSHRHLHVVY,0,0.7434
none,CATSRDFAIPTRGANVLTF,EPDKHFSHY,0,0.859
none,CASSTGQAERNRPQHF,ELTLSRVAAALAGRT,0,0.9705
none,CASSPRTRQLSSYEQYF,AQAVDRNEIEQWVRE,0,0.6572
none,CASSQALGGGVDGYTF,DEERCLCPWSL,0,0.6723
none,CAIGSGPTTSYGYTF,GLVEVEKGV,0,0.8754
none,CSASGWVTGFMSEQFF,FRIVNMLKRGVARVS,0,0.9591
none,CASSTKPSNDSPLHF,KTNRIALI,0,0.9293
none,CASSEVSLSGNTIYF,PPQLSYTEL,0,0.6114
none,CASSQVSADFNQPQHF,RTMKSYFAI,0,0.9602
none,CASSGGAGFTGYTF,IISDGGCTCPV,0,0.9315
none,CATSLTPGSSYEQYF,TIKIKILPI,0,0.739
none,CASSYAGYYVGYTF,ETACLSKAY,0,0.6308
none,CSATLASYEQYF,SLSEECYWSLL,0,0.9161
none,CASSPRIFDYGYTF,IQANALPLM,0,0.952
none,CASSATRQGFMNTEAFF,FLAADGHPA,0,0.7789
none,CAWSVGGFPPGEQFF,REHAGCRFRF,0,0.2329
none,CASSLAIDLRRPYEQYF,ASFCGAVFCKY,0,0.2807
none,CSVFKSGETQYF,DETGVEVKD,0,0.5555
none,CASSVGMSRGDAQEAQYF,FSPEFSEFFI,0,0.2316
none,CASSYRGRQAHGYTF,VMLYTMLVGR,0,0.8082
none,CASSERGDRGIEAFF,MLLAIPEAVF,0,0.3785
none,CASSPWMLQGVPPSGANVLTF,FLFLELLHWF,0,0.3127
none,CASSLDRELSGAFF,GPPDRCQPA,0,0.4866
none,CASSPRYKGTLGEAFF,VLIDAVVDGQV,0,0.9155
none,CASSVWDRETQYF,HLVMNLPA,0,0.6302
none,CASSRGASATNEKLFF,ALAFTPVEQVV,0,0.9272
none,CASSLVQVVGTDTQYF,SNGNRTLTL,0,0.7708
none,CASSVVRTSGKNTEAFF,KVHTGERPYK,0,0.225
none,CASSLPGGGIPSTDTQYF,LYKEKYSL,0,0.8579
none,CASSLGQAGGGADTQYF,YRTHCQRIL,0,0.2818
none,CASSLPGTGRGEQYF,KLAAHLRRK,0,0.2688
none,CASSHQDRDQYF,EAKRRNMI,0,0.7407
none,CASSSSVLNQPQHF,YIAQFKGAW,0,0.9535
none,CASSLARTSGSIYNEQFF,IARQKKMKL,0,0.1404
none,CATSHGQGAFGYTF,DSKKKLSSL,0,0.9636
none,CSVRWTGQSGELFF,ELFDPNQSPQV,0,0.9654
none,CASSLLRAGGRAVETQYF,APAHISTI,0,0.2286
none,CASSPRPRGTETQYF,GTSSVVQRK,0,0.6909
none,CASSRGDAYTEAFF,SSKKVMRTK,0,0.9185
none,CSVLGTSGKYEQYF,KPGASAALQSRRSTG,0,0.9347
none,CASTQDRGFYGYTF,GLYLSQIAV,0,0.9103
none,CASSARLAGYGTDTQYF,IMAHCILDL,0,0.9679
none,CASSLATGRNNSPLHF,KYCDPNVLL,0,0.4428
none,CASSPGQVKGGELFF,ILKEPVHGAY,0,0.8915
none,CASSRVNEVVYEQYF,WSIEVICYILV,0,0.8788
none,CSGGRDSYEQYF,TLMIERFVSL,0,0.8431
none,CATSRVGGTTNEKLFF,SAFPTTINF,0,0.7484
none,CASRVGGRWTEAFF,LVRDRWQKVLV,0,0.5932
none,CASSQGGQGLRYEQYF,YLRKHFSM,0,0.5964
none,CSVEPGQGLYSVGGYTF,VLFTCVPAA,0,0.8785
none,CASSQPTGGHGANVLTF,RLDWYSLMTSL,0,0.8144
none,CASSYHGQGPQPQHF,QFAVGSYVY,0,0.9677
none,CRVGADMAEAFF,TRLLQTGIH,0,0.8874
none,CASSLTTGQGGRTEAFF,GLVDLFVFST,0,0.2259
none,CASRDGTIKLDEQFF,ASKKKLVGI,0,0.9299
none,CASSNKVLLGGGYTF,SRHNERRFL,0,0.8137
none,CASSYWRQGNEQFF,GPAGRIGGNF,0,0.5203
none,CASSYSSWTDTEAFF,PTRQKLTNI,0,0.8432
none,CASSHPPGAGQMNTEAFF,RPRKTKLGSM,0,0.6861
none,CATSAGRGTEAFF,FMAFVAMVT,0,0.909
none,CAIARLAGVRNEQYF,SMLHFVTSICA,0,0.8894
none,CASRAGTSGSDGFF,LPATGWTKS,0,0.6425
none,CASSPTWGVHEKLFF,MPRAPRCRAV,0,0.8879
none,CANSLEGFSNQPQHF,HMYIFPVH,0,0.6686
none,CAISGQASGEAFF,VIADPSRK,0,0.9208
none,CASSLDQMWQNIPGLAVHEQYF,WLINIENSRSL,0,0.604
none,CSVAEGYRNIQYF,VVIPDYNTYK,0,0.5689
none,CASRLEGPDGYTF,HSRNTHLGKKK,0,0.5525
none,CASSFIWGSYTDTQYF,WPTRVCADV,0,0.9664
none,CAWSIQRGDRGRGRTEAFF,WLNGFSVAML,0,0.0083
none,CASSVPGLAGGIEQFF,KIQTNRNTVK,0,0.404
none,CSARDRGQKQFF,SPEYTGLSTT,0,0.8276
none,CASSLVYSGANGLTF,CSQSSGILSR,0,0.6666
none,CASFDRGLTDTQYF,EEWERCQSF,0,0.7543
none,CASNGGAIQETQYF,VVIPDYNTYK,0,0.8878
none,CASSIGLAGGGSETQYF,ILPFTPEFLV,0,0.2214
none,CASTPGEGWKDTQYF,GFREGAESELM,0,0.8588
none,CASSLGVSGREFF,FQHPYDQAHLL,0,0.6159
none,CASSQERHSSYEQYF,LSSSGAPSLK,0,0.4734
none,CSARQGKENYGYTF,DEHRKLITQL,0,0.9496
none,CASSFSGRVGPKETQYF,LYIVDGMAQLM,0,0.8601
none,CASTRGGVNNEKLFF,AIREKIKQV,0,0.7512
none,CASNVRPGQPQHF,SVWILCDAHCL,0,0.8105
none,CASSLDLAQGTQYF,ALAAGSCLV,0,0.451
none,CASRVSAGGYTF,RPKPLLLKL,0,0.8511
none,CSGLGQSSGNTIYF,SMVPREAAFIL,0,0.8337
none,CASSSYGEAGETQYF,TSNSFDVLK,0,0.9243
none,CASNFGPNGEETQYF,GEIHAVPF,0,0.884
none,CASRGGHREQYF,LLVFAICYLPI,0,0.4748
none,CALRPSGSDEQFF,KADISSWFM,0,0.844
none,CASGLSSSGRETQYF,ILGFVFTLTV,0,0.7996
none,CSADGRSRVDEQFF,RAGLQVRKNK,0,0.9776
none,CASSQDPERGGYGETQYF,LPCMRNTHV,0,0.4158
none,CASRSKGASNPQGYTF,LPDSLTQVI,0,0.9016
none,CATSLAGALHF,ITRTVSANTV,0,0.1673
none,CSSSFMEETQYF,SPNLAWPLI,0,0.963
none,CSAAPLAGELQETQYF,ALPDSLTQV,0,0.9865
none,CASSRWLEFEDTQYF,KLNDLCFSNV,0,0.9184
none,CSVRDSATYNEQFF,ILLAVLQEI,0,0.8973
none,CASSQDPGQGKGANVLTF,TAKSSVSNAPPVASP,0,0.5599
none,CASSFGGPAWAQHF,TLLQGEYPPQL,0,0.9735
none,CASARGRFGDNEQFF,FLIEHQRA,0,0.6812
none,CAWSNLRTSGGPPKQFF,ALAVKALYPV,0,0.2659
none,CSAIGGAGGRSYNEQFF,GPRWRSWLV,0,0.4364
none,CATSDLLGSSEQFF,SSFHALEEK,0,0.8396
none,CASSNDRDRGDTGELFF,RTSFKHHQLR,0,0.5651
none,CASSLRDSPLGTEAFF,KMPEMHFKALK,0,0.7774
none,CASSPDGGPGGTQPQHF,SLNRLLKV,0,0.8561
none,CASSKEGFDNEQFF,FSRSRDLL,0,0.5328
none,CASRPFTGVETEAFF,RLFDEGKLKA,0,0.9803
none,CASHWGTTYEQYF,ALCTFLLNK,0,0.9219
none,CSAGTPLAGGYEQYF,EMKEGRYEV,0,0.9846
none,CAWTGTGVGGSPLHF,LLMGSSDLA,0,0.7724
none,CARLGPYNQPQHF,VLMPTVLQA,0,0.5241
none,CASSSTGMAQETQYF,GPAESAAGL,0,0.9629
none,CSATRQAPTEAFF,RPTGKVTL,0,0.9153
none,CASSLGRGGRALYEQFF,RLSFSGPALL,0,0.1006
none,CSARPLNRGEWQETQYF,CPASSGGSGL,0,0.9466
none,CASRAPASIMDYTF,SIGDYYTCAR,0,0.8989
none,CASSLENRPTEAFF,EIKFKDVL,0,0.6325
none,CASKLSAGIDTQYF,RLRERKQL,0,0.6413
none,CASSLASGTGEQYF,HLEDFLLHI,0,0.5081
none,CASSLLVRSSGSISYNEQFF,DIDLLLQRG,0,0.3246
none,CSARVKNRVNSYEQYF,SYPQIQNNLW,0,0.9597
none,CASSHHRPPEAFF,KVGNFTGLY,0,0.8449
none,CSARGWSASSYEQYF,ALIRPLQQL,0,0.9823
none,CASSPSYRTGQPQHF,DAKKMIVLALTRGNK,0,0.8574
none,CASSLGKLTYEQYF,LPVLGSSTVV,0,0.6332
none,CASSLVGLKVAFF,VLSWLLKYKI,0,0.4426
none,CASETSGDGDHEQFF,AIMDKKIIL,0,0.6441
none,CSVAEGRGEQFF,SRFGGAVVR,0,0.22
none,CASGTRTDADTQYF,VFLDCLELY,0,0.9194
none,CASSPPGTGIHEQYF,SMAGNWAKV,0,0.6427
none,CASSPNPQGGSGNTIYF,ALNPTSGSL,0,0.8506
none,CSARDSGLVNQPQHF,LLLLLLLPPAL,0,0.9818
none,CASTRLGGGNTGELFF,VMLYTMLVGRY,0,0.9522
none,CASASLGPNEQFF,WLIDMKSLV,0,0.6786
none,CASGDVQETQYF,ASSYIILAM,0,0.7397
none,CSATGDRESSPLHF,RARARFEWL,0,0.9466
none,CASTPRRTTTLNTEAFF,VMLENFRNLLL,0,0.9534
none,CATMESGRVEEAFF,EPLEGDHVF,0,0.5559
none,CASSMIFQYYNTEAFF,RSYGDMHSFVR,0,0.9624
none,CASSLDRAGSGVSSYEQYF,VYNLGNREAEL,0,0.246
none,CACQGSYTGELFF,LESLSAESY,0,0.8606
none,CASSYWPEGSGANVLTF,VVTAVLILV,0,0.5305
none,CASSLTRGSVGELFF,PLIYFLFLPL,0,0.4349
none,CASSFDPGTRDEQFF,DMWSIEVICY,0,0.9141
none,CASSLVDFETQYF,KQLEDEEV,0,0.5255
none,CASSQEGQGPNTGELFF,AIMDKKIIL,0,0.6658
none,CSARSLLLADTQYF,YHGSYEAPTQGSASS,0,0.9856
none,CASSIDSAQTGELFF,LIFLLVLLDY,0,0.8764
none,CASSWSGKAKNIQYF,RSQWVLRGAK,0,0.7668
none,CARERELGWNEQFF,SSHRHLHVVY,0,0.2601
none,CASSEGLWDGYGYTF,AYFKDCVFK,0,0.7341
none,CASISTGVQFF,VLLSPRWEL,0,0.8588
none,RASSLTGNGLPYEQYF,LPENLRNIK,0,0.6108
none,CASLREMTEAFF,AMCRTPFSL,0,0.5805
none,CAQAREAGQLQETQYF,CFKNKKAI,0,0.6244
none,CAGRADWTNTEAFF,SLLEIGEGV,0,0.9564
none,CAWRERVSNTEAFF,KQSKIVFSV,0,0.427
none,CASSFGDRIGNTIYF,TKKRRRHKV,0,0.9134
none,CASSYPGQELLDYGYTF,RMCDVQVHK,0,0.7373
none,CSVYPGQGRNTEAFF,SLLTTDDAVV,0,0.9863
none,CSAPRFGGENYEQYF,LYIVDGMAQLM,0,0.9871
none,CAISVGQGSPYEQYF,FVERYLGLY,0,0.8498
none,CASSLDRGTSGIYEQYF,QSSMHNALHIY,0,0.3444
none,CASSLGGARRNTGELFF,KIQTNRNTVK,0,0.5103
none,CSARDLGTSRNNQPQHF,RQDHRRKKAL,0,0.9306
none,CASSGGGQGLYEQYF,VQDKCVEML,0,0.8284
none,CASRGGVSPRYEKLFF,ALVVSQLLR,0,0.7687
none,CASSLPRGPVQMGNEQFF,LLMPLKAPK,0,0.3106
none,CASSSVREISGANVLTF,RPQVRKQL,0,0.8871
none,CASRSETSSPARDQPQHF,LMHAPAFET,0,0.8242
none,CASIPDRSPSYEQYF,PRHMMHPSFAGMVDP,0,0.8489
none,CIGVDRSVKNIQYF,RLLKHIFST,0,0.8185
none,CASSYSSGPSEQFF,SLFALGNVI,0,0.6816
none,CSVEQGYRTGELFF,IIMLSSNVINF,0,0.8093
none,CASKPRQGAYNEQFF,GSKVFSINNK,0,0.9197
none,CASSQGQVPNIQYF,SVRPRPEL,0,0.8248
none,CASSPFNGGDTQYF,AAWVSETGK,0,0.954
none,CASSINWDSGANVLTF,KYYAGLPPEL,0,0.7327
none,CASSDSTSSAYNEQFF,PPPSRPISPA,0,0.7703
none,CASSVEGVIGDTGELFF,KDKPKEIV,0,0.534
none,CASPATQGNTEAFF,MVMRARDSVY,0,0.9521
none,CASSFSVPEVYEQYF,FIPKFVSFL,0,0.9288
none,CASSLRKTGTYEQYF,YEWVLIAGYII,0,0.6008
none,CASSILGVVGF,ALCVQPHYITV,0,0.0758
none,CASSLGQFTGDTQYF,VYDLANNTL,0,0.8563
none,CASSLLLITDTQYF,FLPRPPLPPSV,0,0.7147
none,CASSSSPGTGVGELFF,SPRDEKEEMM,0,0.8837
none,CASSSPLGTSGGVGETQYF,EAYFKDCVFK,0,0.6004
none,CACTAGVRTDTQYF,KINLSLFAL,0,0.9315
none,CASSDPGYPEGKLFF,TQLLCCQPGL,0,0.8722
none,CTARDPRGTDTQYF,ALIRELQQL,0,0.8543
none,CASSQGQRSSTF,YTMYIFPV,0,0.7229
none,CASSETGLAGVISYNEQFF,KSKFLPSISTK,0,0.5369
none,CASSFLNDYNEQFF,GADEDDIKA,0,0.9511
none,CASSDSRTDSGANVLTF,DTRVPDPQEGTRQVM,0,0.4126
none,CASSEVPLVAKNIQYF,RPTGKVTL,0,0.3588
none,CASSSRTAHQPDTQYF,KMYHHCPWV,0,0.9642
none,CASRVEPAGNSPLHF,IVAADLIMTL,0,0.6609
none,CASSLDWDPSTRYTF,KMANDIRFL,0,0.6709
none,CSVADGTGFQPQHF,SQYYDVMYSKK,0,0.9199
none,CASGSGEGISGYTF,LKRIKSDM,0,0.8538
none,CASSTTGEDTIYF,FTLEGGHRA,0,0.8991
none,CASSSRDRLDSPLHF,ANDPIFVVL,0,0.962
none,CASRLAVNPAYEQYF,APRGPHGAAASGL,0,0.6381
none,CASSDRTGGNQETQYF,KFLPSISTK,0,0.848
none,CATRGGAVATEAFF,LDRYRSDMM,0,0.8663
none,CASTMDPMDEQYF,RSSSRLGVNEK,0,0.9216
none,CASSPKAGAFNEQFF,DVIQQDELDSY,0,0.9292
none,CASSYGGPGLYGYTF,LPSWGASQQAL,0,0.4781
none,CAWGVNSFNEQFF,LPPALLSSGAA,0,0.6912
none,CASSWTSGDSGANVLTF,FLLQNPCPL,0,0.8917
none,CSVPGQASWNEQFF,MHPSFAGMVDPSLPG,0,0.9672
none,CASSGLAYNTGELFF,RQMPLSSAV,0,0.934
none,CASSPSSVDRNNQPQHF,SVRPRRHV,0,0.9131
none,CAWSYVGGTEAFF,THEVIVPL,0,0.5986
none,CASSVRSLYSNTGELFF,KISDRYYLL,0,0.9308
none,CASSQDVLRGQGTGELFF,VSSAVPTSW,0,0.6069
none,CSSSLGQGYAFF,ESAPINTPL,0,0.9131
none,CASSQDIAEVYEQYF,RAGLQVRKNK,0,0.9365
none,CATYRLPGHSNTEAFF,YLKLMVEL,0,0.8762
none,CASGSQGFGQFF,HPRAHRVQL,0,0.8694
none,CASSLGGDTQSYSPLHF,APEEKIWEEL,0,0.5398
none,CASSSSLWNTEAFF,FRIVNMLKRGVARVS,0,0.8545
none,CASSFGGVEAYEQYF,KQAPGDQVTEI,0,0.9781
none,CASSSERGTYYGYTF,GQKGNIGPPGF,0,0.9319
none,CSARSAGSPQNIQYF,PILENPFFSIF,0,0.9861
none,CASSLAMEGYEQYF,GPRGRHAI,0,0.4603
none,CASSGTEPNTEAFF,RAFDIYNDK,0,0.8277
none,CRDSNQPQHF,STDGNKIADKY,0,0.6339
none,CASSLSGVGDTGELFF,SVISQLMK,0,0.5525
none,CSATSGAADYNEQFF,IHYTAQIILAL,0,0.9953
none,CASSSRTFFNTGELFF,NSLIQRINLKK,0,0.9821
none,CASSLYRGDSYGYTF,QQGSMASGK,0,0.819
none,CASSYPPGLVRFGEQFF,ALSVMGVYV,0,0.3545
none,CASSEREGRGANVLTF,CPLSRNITEW,0,0.2715
none,CASRTYRGRGYNEQFF,IQFAAQAVDRNEIEQ,0,0.6464
none,CASSPPPLAVETQYF,LIRSRFSL,0,0.4117
none,CASSLYPDLSVYTIYF,KIVEAQSGVK,0,0.794
none,CSVLAGGTGEQYF,AAWVSETGK,0,0.8827
none,CAAQQGNEQYF,SSSITTTK,0,0.815
none,CSAREAPGQGYEQYF,LQYGWKTW,0,0.8065
none,CASSEYGGRRTEAFF,RLESLSAESY,0,0.6353
none,CASSIRGQINYGYTF,MAHVSVVPVF,0,0.6856
none,CASSPNMDRGRRGYTF,ALSSSPSSR,0,0.8872
none,CASSPAVGNNNEQFF,LHSEAAYTL,0,0.895
none,CASSLDLGQLEQYF,DHFGMKDSLVY,0,0.7288
none,CASSRSGTGKQETQYF,HQRMHTGEK,0,0.5915
none,CASTEWREGGELFF,HPHHYTRRRI,0,0.4369
none,CASSAGTGGRKLFF,VSDQFSVEF,0,0.8094
none,CSGGRDAYEQYF,VLIAGYIIV,0,0.7979
none,CASSDTAVSTDTQYF,LMILSANWAYV,0,0.9502
none,CASSGAGEDTGELFF,LVFVGLFAF,0,0.8867
none,CASSVEGSAGEQFF,KSKFLPSISTK,0,0.5592
none,CATARQGRNQPQHF,HTMWHVTRGAF,0,0.6868
none,CASSLIFDWPPGTDTQYF,RYKLEGYAF,0,0.887
none,CASSYSDRALDTQYF,RPTGKVTL,0,0.6637
none,CASGGTFPYDNGYTF,LVLRDLKLRK,0,0.8879
none,CATFGTSGSGSYEQYF,VLAVKRTVF,0,0.8185
none,CSARDYAGGLDTQYF,AQAPSLWGA,0,0.9415
none,CSAPHRYTYEQYF,SLASSSASQ,0,0.9907
none,CASSQLRSGLQYF,VLHFKNSYHNL,0,0.5495
none,CASQLGGRRPHEQYF,IKLIDIALSK,0,0.383
none,CASSIVPQTGANVLTF,ATFLCPANV,0,0.4388
none,CASSIMGSPSTDTQYF,RMYSGALL,0,0.9402
none,CATSDLAQASTDTQYF,SPVPSFSPAK,0,0.9133
none,CASSVRQGVRSPLHF,ILAPEAVGSGI,0,0.8788
none,CATSPSDRPRETQYF,ALTRGNKPRRMMMKM,0,0.7192
none,CASSEAGAEGQETQYF,KLYEEAGDVFL,0,0.0917
none,CAISRTSGVETQYF,QVMPIACGNK,0,0.8628
none,CASSPQTGFPNTEAFF,GLGGLGLFFA,0,0.9463
none,CASSLAVDGGYGYTF,SQLRKSRLGPK,0,0.4061
none,CASSLQLGHQPQHF,NLVPKVATV,0,0.6804
none,CASSSRLPEHSGANVLTF,IPLSIISVY,0,0.9241
none,CASSFPTSSQGGNEQFF,KQLDEWLKV,0,0.8344
none,CASSRIDGAGRTYNEQFF,RLHPTPVTPR,0,0.5643
none,CASNSQTNTGELFF,FQANFSQTW,0,0.9562
none,CASSLSGRSFLFNQPQHF,LTAEKLCIY,0,0.4984
none,CSASRPISEETQYF,FPKQDGGTQK,0,0.9298
none,CASGGYAGETQYF,HIFKICGQHTK,0,0.8545
none,CASSDVSGPSYNEQFF,FHPPPTSLI,0,0.8758
none,CASSGGGRNSNQPQHF,HFWQGMPPHML,0,0.6369
none,CASSYQARGETQYF,QIFLSEIRWEK,0,0.6321
none,CASSLQDKAYNEQFF,FVLNGGGEV,0,0.6897
none,CSVNPTSYNEQFF,FYQIRKPPWL,0,0.9599
none,CASSVTGRGLNNEKLFF,LLCCSGVATA,0,0.4896
none,CASSRGSGRAVDEQFF,FLTCDANLAV,0,0.5478
none,CASSWWKRDPDNEQFF,VLPPCIISGGI,0,0.8213
none,CAISGWGTRGELFF,LSSSGAPSLK,0,0.847
none,CASSPLGIQGNTEAFF,IPSVILDWSF,0,0.9039
none,CATSDRKTGNTIYF,FSMAKTSTSL,0,0.7647
none,CASRQQGASLHF,LQEEAHVPLQF,0,0.8337
none,CASSLGTWATTDTQYF,RFREELEGPPL,0,0.8899
none,CASTSPRHTQYF,MAWQGLVLA,0,0.6369
none,CASSEFGSPLHF,TLSGFFLRTLY,0,0.8318
none,CASSLYERLGNTEAFF,SADGGGLS,0,0.2685
none,CASSPASQAPYEQYF,IVRHKQNI,0,0.8482
none,CASSVIPQVQETQYF,ATPKYSNSLK,0,0.6909
none,CASGLGRINEQFF,IILMLVTNR,0,0.6444
none,CASTPVQGAFATNEKLFF,TRNPQPFMR,0,0.9552
none,CASSQEGWDREYEKLFF,YMWLGARYL,0,0.6225
none,CASSTGQRPAFF,YNFEMLQQHAV,0,0.8959
none,CASSLGQGGINGEKLFF,MYSRAQVELNL,0,0.4982
none,CSAKTGTGDSPLHF,LKRIKWMDV,0,0.9843
none,CASSPSLGRVDIQYF,LVWMACHSA,0,0.8678
none,CASSPRSGMYEQYF,FPVEKQLDL,0,0.9671
none,CASSRPGTAYTEAFF,RLYSKQVTIAI,0,0.9277
none,CAISGPSANNEQFF,ILAENTALYF,0,0.8906
none,CASSQVTTGRWNTEAFF,SYSHKVDIFFL,0,0.9139
none,CASSLGGTGAVEAFF,AVTALTIAY,0,0.6174
none,CASSQDSGRSDEQYF,YMAPLCLMVL,0,0.8919
none,CASNLLKDTQYF,MMYRTHCQRIL,0,0.5779
none,CSARSPLAGAYEQYF,KPASSRVSGPQ,0,0.9798
none,CSASSGRFGNEQFF,YYHTTDPSF,0,0.9872
none,CASSGQRQGMSEAFF,ILDSSEEDK,0,0.9314
none,CSARARVPNSNQPQHF,TAYPNSIPLV,0,0.939
none,CASSPKSGTGSHGYTF,EPDMDSTESWI,0,0.8646
none,CASRERRTSGSGGTGELFF,DAQLNDGAM,0,0.1977
none,CAWETGGLPQHF,HYQTLCTNF,0,0.3396
none,CASSFLHSNTGELFF,SLFRAVITK,0,0.9843
none,CASSYRGERTLSSTDTQYF,LSKLKSLYL,0,0.8544
none,CAIRRDRSGNTIYF,GIAMTDTTPYGQQRV,0,0.6322
none,CAISESGAEGQYF,CWRGGQVSL,0,0.1973
none,CSVQGLADLSYNEQFF,LSVEFSEMM,0,0.9337
none,CASSQRRSALGETQYF,YIAQFKGAWIL,0,0.8524
none,CASSPTVGGRTNEKLFF,SKKIKLDRL,0,0.8747
none,CASSSGPTFGTGELFF,VMLYTMLVGR,0,0.9902
none,CASTRDRGRHNEQFF,SVTSLLYPHSL,0,0.533
none,CASSQSGQASFYGYTF,LPQQFHLKIL,0,0.9007
none,CASSNYGTGNQPQHF,LPGLPGNGL,0,0.9595
none,CASSSERKSSPLHF,KTNRIALILA,0,0.8108
none,CASSPRDVGAGELFF,FTGSEVENV,0,0.9625
none,CASLLQGSRSPLHF,NYNPGTLSSL,0,0.878
none,CASSENGPSQGSGYTF,VYSYAHGWMF,0,0.5807
none,CASSPRDLSEKLFF,ALHWVAVR,0,0.8891
none,CASTLGLAGTEQYF,RDIYISRRLL,0,0.7155
none,CSARDLSLAGGGDTQYF,ETMQCSELY,0,0.9589
none,CAISERGSSPLGYGYTF,RQDEGSEATGF,0,0.6795
none,CASSDTFVSGRVRGKQFF,NLVPAVATV,0,0.7924
none,CTSSSGAGGETQYF,SMMPEAMTIV,0,0.9442
none,CASSSDAPAQYF,AVVIVGLHGV,0,0.5807
none,CASSIVGTAPGGYTF,IPSSQKQSF,0,0.6162
none,CASSLFKAGGSEEQYF,SVMDSIDVKI,0,0.8042
none,CASSQSQSSMNTEAFF,AVMAAAQAYKTAA,0,0.934
none,CASSPRHGDIQYF,KLARHYLIHTV,0,0.9159
none,CASSYSLRGANTGELFF,LTLKGTSYK,0,0.1937
none,CASSREQGALYTF,APNSPMAML,0,0.7094
none,CASNKPALNTQYF,RSLPGKPSK,0,0.5909
none,CSARARLGTGGSNEKLFF,SQLGGLHLL,0,0.7329
none,CASIPRGASNQPQHF,THNLIFVFYML,0,0.7741
none,CASSLTTSGQGNYGYTF,ALYLLSKSFRK,0,0.4403
none,CASSLDTGVEKLFF,FPVKPQVPV,0,0.7185
none,CASSLAGSWVGSYEQYF,LPENLRNIKF,0,0.25
none,CSASLVAGSDYEQYF,GKRVATPHASARAQ,0,0.9709
none,CASSTWTEKKLFF,NLSHCVSCIGK,0,0.9107
none,CASSQALTLPHTF,TSLNFLGGAPK,0,0.8609
none,CAISPHEDSGANVLTF,TMLTKTWHSSA,0,0.8722
none,CASSPYGTSGTGGYYEQYF,VSNMAEVRSY,0,0.7295
none,CASSYSQIHRGRRPNGLEQFF,RVSGPQEAM,0,0.2095
none,CSAPRLQRNTEAFF,NVDVSSTIY,0,0.9751
none,CASSALTTGNYGYTF,EENANFYKIF,0,0.8078
none,CAWSGLWAGVHEQYF,AMASASTSA,0,0.653
none,CSVSTQGQVYGYTF,KLIPSWASV,0,0.9739
none,CASSTGLDPGYTQYF,TSNSFDVLK,0,0.9563
none,CASSMKGSTDTQYF,QSYTWSLTY,0,0.9112
none,CASSSIGGGGREKLFF,FLMASISSFL,0,0.8403
none,CASRGLGSQDRQGGGQETQYF,LLWAGPMAV,0,0.6514
none,CASSFNRAASEQFF,GGFSFRFGR,0,0.934
none,CASSLRWTSGNAEWEQYF,LVLPSIPSVI,0,0.3981
none,CASSSGMVAYGYTF,VREFAYQGFDARRVI,0,0.9709
none,CASRSGQYSLEQYF,LSQRTRDIYI,0,0.9351
none,CASSPDYAVETQYF,SVFNTWNPM,0,0.8974
none,CASSLLMGAGNTEAFF,MECSTVFPGL,0,0.74
none,CSASGLAGGQGNEQFF,GLAAIDLIL,0,0.9466
none,CASRHNQGETQYF,LLKQYGGADWEKDAK,0,0.9691
none,CASSPTAGVSYEQFF,RLPLHLYDI,0,0.9726
none,CASSNGGTGGRGQYF,AEIPKEEVKPF,0,0.164
none,CASRAQGVGNEKLFF,AKNCGIAIPV,0,0.9456
none,CSAGQHRVNTEAFF,ALLAVGATK,0,0.9863
none,CASSQGSGGLTAEYF,TRQVMSMVSSWLWKE,0,0.9017
none,CATKTGFTTDTQYF,KARTGRTCL,0,0.949
none,CATSETGDGAFF,VPKKTPSL,0,0.6203
none,CASSYTIVNQPQHF,TTWQRPIMESV,0,0.8723
none,CASTRTGGRNNEQFF,FIRLKIDPL,0,0.7853
none,CASSSSGASDWETQYF,ILDEATSAL,0,0.8753
none,CSVGKPSLAVEETQYF,RPCPGDTTEV,0,0.8668
none,CASRVTGEPNGYTF,FSNSGSDVLY,0,0.8661
none,CASSLNRDKSPLHF,APPSADSGAL,0,0.7089
none,CASSHGQFGYNSPLHF,FPNVKDLNLPA,0,0.9561
none,CAERVGLARLSSYEQYF,HQKVKGQWV,0,0.4377
none,CATSDFRGLPGQRNYGYTF,LLYPHSLSSKL,0,0.8126
none,GTGLPRGSNQPQHF,LIRSRFSL,0,0.86
none,CASKPSGHHSGANVLTF,FLRRIRPKL,0,0.4076
none,CSATPTSGADFIAKNIQYF,LVLAVGPAY,0,0.9956
none,CASSQGGRPTF,SEYEHMQHFPG,0,0.1722
none,CASSYSHGRGDTEAFF,LQYGWKTW,0,0.3392
none,CASSQSTGNDLWRNQPQHF,SLTQVIRKF,0,0.8146
none,CSADPWTAQETQYF,SSFPKPPSF,0,0.9531
none,CASPPPGSIAEQFF,RPSDREEWEEL,0,0.5063
none,CASRTTTGFENTIYF,VIADPSRK,0,0.9778
none,CASSQRKALDAKFF,NLVPKVATV,0,0.667
none,CASSPLYPGDSYNEQFF,LLMTGGVTLV,0,0.8129
none,CASSLERSNTQYF,IPIPSSWAFAK,0,0.4741
none,CASSLQGDGFRYEQYF,TMRLRHLAF,0,0.4654
none,CASSQALIHGYTF,GPHPRAHRV,0,0.7364
none,CASSTRAGGPPRGYTF,KYTQLCQYL,0,0.9626
none,CASSLASQGFRDSYNEQFF,PEILNTSGSY,0,0.5344
none,CSALARVTGELFF,GMMTTQQAGYV,0,0.9489
none,CASSPPWRGGGETQYF,HLNHDSVWNFY,0,0.3574
none,CSAKRDGTGGYEQYF,IQINSHCFVV,0,0.7501
none,CASSTAPTEVNQPQHF,AVMKFKNPLV,0,0.7589
none,CASSYSIWTSGGLVGELFF,KRYGGFLRK,0,0.2737
none,CASSDSPPQRGVGEQFF,EENANFYKIF,0,0.0951
none,CATSRWVAGQGHGYTF,LAKFKQQLL,0,0.854
none,CASSARTAFRNQPQHF,VMNNLLPTSV,0,0.9723
none,CASRLTGRRGNTF,MSQPDAQRY,0,0.5484
none,CASSQDLGDRFYYEQYF,RLDWYSLMTSL,0,0.9122
none,CASSQDWQGTPFPGYTF,APVFLDCLEL,0,0.8611
none,CASRPQTAASYGYTF,KLCTFSFLI,0,0.9514
none,CSARGFSGGYNEQFF,KQLDEWLKV,0,0.9673
none,CASSQLGAERGYTF,FLCPGLLKEVY,0,0.7537
none,CASSERPAGTLSGNTIYF,ALIRCLQQL,0,0.711
none,CASSWAKGELFF,AVVSLLRLLK,0,0.823
none,CASSFEWTDNYEQYF,HMLPVLGSSTV,0,0.9696
none,CASSLGVEGNEQFF,HRSGSTIGKA,0,0.7021
none,CASSRRQVPGYEQYF,IFLWLLWPV,0,0.9212
none,CASSLGISGRAGEQFF,NYVAGGQEV,0,0.533
none,CASTQGSGSRAFF,SPGRKNGSF,0,0.9499
none,CASSEAGVETNEKLFF,SINNKLVYV,0,0.7721
none,CASRKDRGADTQYF,FPLVLPSIP,0,0.6636
none,CASTIRLLLYHSGANVLTF,KERHRVRAL,0,0.6209
none,CASVLAGGDSNEQFF,MLDMYSVML,0,0.4917
none,CASSQSDRDREGYTF,NLRRRRDL,0,0.7533
none,CSARDRSRQETQYF,TYNLWNTF,0,0.9231
none,CASSEVSRDPTEAFF,FTELTLGEF,0,0.7837
none,CASSLSHPEIRNNSPLHF,IVRHKQNI,0,0.4402
none,CSAPTGWGSTEAFF,PILENPFFSI,0,0.9965
none,CASQGGFQRGNEQFF,FALYLLSKSF,0,0.9278
none,CASSLAIGNYGYTF,AADHRQLQL,0,0.5355
none,CSVEFRFDGYPF,TEVGQDQYV,0,0.6564
none,CASRLGRVWETQYF,DEHRKLITQL,0,0.7086
none,CASSQGEASLFTDTQYF,VYSTGSNVF,0,0.9246
none,CASSSYVLVIQETQYF,FTLERRWYNEI,0,0.8493
none,CASSWASALDLQETQYF,SRMSAVAAEI,0,0.938
none,CASRIGQGAWQPQHF,FPNVKDLNLPA,0,0.9264
none,CSAPWGQGFNGYTF,QTVAYSPRSK,0,0.9728
none,CASSLAASSPDTQYF,FLHKGLSKPV,0,0.5041
none,CATSDTGRVTEAFF,RNGYRALMDKS,0,0.9021
none,CASSRSGSSSREQYF,VVWVKITQV,0,0.6892
none,CASSLPSGGAVNEQFF,FHETRQYKF,0,0.457
none,CSVGGQASSNYGYTF,AMKADIQHV,0,0.966
none,CASSARVAEAFF,LAYLQIFRKLW,0,0.9636
none,CAWSRTGTGDQPQHF,GVAVMKFKNPL,0,0.5977
none,CASSLSIGVGGPDTQYF,DVWFQGERIAY,0,0.3261
none,CASSSTGILDSPLHF,RLDSTLLLYHA,0,0.9841
none,CASSPEGFLDGRSYEQYF,TEDRETVYAWF,0,0.6241
none,CASQRDEGLDRADKLHF,LMTGGVTLV,0,0.5722
none,CASSQVSGFDKNIQYF,IMVDGELY,0,0.9462
none,CASSYIAGGFADTQYF,VVTAVLILV,0,0.8932
none,CASSHTQIYGTSGYNEQFF,MLSPMLHHW,0,0.9561
none,CASSFGQGARIEAFF,VAADLIMTLTF,0,0.9787
none,CAISPLSDTQYF,SPAYPRHMMHPSFAG,0,0.8814
none,CASSLSDRGDEQYF,LHKVKDQWV,0,0.4782
none,CASSLGGAMGTGELFF,LFRYRHYI,0,0.7007
none,CASRWQLDSYEQYF,GTDLMNFLK,0,0.9314
none,CASSSGTSGRAHTGELFF,VLRDLKLRKF,0,0.9364
none,CASSFPRGGGRADEQYF,LLPSVCCIGSK,0,0.5888
none,CSVEGQATSTDKQYF,GLAPGLPSV,0,0.7051
none,CASSEEGAGITATYNEQFF,ILTPVLNPI,0,0.2024
none,CSVGLLAGVWADTQYF,YPPSQKTKRMR,0,0.9458
none,CASSQPDSGAFTDTQYF,LRMSPVKGM,0,0.9146
none,CASSYRTGRLTEAFF,SARYGNSSDM,0,0.8821
none,CASSREGGFGGYEQYF,VAAKRQGSLKK,0,0.1769
none,CASSQAIGQRNTYEQYF,LYLDAYNMM,0,0.8361
none,CASSPKLRLAGVGDTQYF,IIIGGAKLK,0,0.4947
none,CASNSRGGYVAEAFF,RGRGRGRV,0,0.9212
none,CASSSSGLQANYGYTF,SLSEQLLQL,0,0.8694
none,CASSVSQGVKNIQYF,FRSGLDSYV,0,0.5479
none,CAWSGGAGASTDTQYF,VVWVKITQV,0,0.5983
none,CASSQEETGDTDTQYF,AQAPSLWGA,0,0.7954
none,CASSPGTSPTGNNEQFF,WVNGQSLLV,0,0.9398
none,CASSIGSWAKNIQYF,TPRLHPTPV,0,0.8736
none,CASSQDVAEWDYTF,NPLVNSLSLEF,0,0.8999
none,CASSRTLPGPNTEAFF,DEHRKLITQL,0,0.8518
none,CASSQGGAGIGANVLTF,YSLEYFQFV,0,0.526
none,CASSNPGTGEETQYF,RILNEGHISHF,0,0.7902
none,CASSRTSEQTQYF,YNKSKRDLV,0,0.9046
none,CSASGSGGTSVAYEQYF,KIINVDDEI,0,0.9474
none,CASSQVWLSEVSYGYTF,ALAKETQFW,0,0.9147
none,CASSESFGSSYNEQFF,FLRNIPRSIF,0,0.6238
none,CVISVVGFYEQYF,SPVQTPLEVRL,0,0.6156
none,CSSNPVHGELFF,FVRQKHVL,0,0.9672
none,CASSRRTGQGYQETQYF,RGFPRDPSTEF,0,0.7306
none,CASSKPSGTAPDTQYF,HLYRCRLSSL,0,0.766
none,CASSPKGSSTNEKLFF,GLSLYTTEM,0,0.87
none,CASSMGLAALEQYF,LPAPGGGES,0,0.8383
none,CASSLEETEAFF,LLKYKIKDY,0,0.5113
none,CASSLTAGLSSSGNTIYF,TPSPLRMKPA,0,0.8494
none,CASRSSEIGGYTF,SLIAAFEV,0,0.9036
none,CASSLKGVALNTEAFF,RPPPSRPISPA,0,0.4152
none,CSVLSGGGSVIAGELFF,SYENKTMQL,0,0.9169
none,CAIKTGAGREAFF,MLKRGVARVSPFGGL,0,0.8818
none,CASSLADRGGLYEQYF,LLLETSWEAI,0,0.1757
none,CASGLAIAGGETQYF,SYFIASFRLF,0,0.3714
none,CAAQVAKNIQYF,KTQGAVAQM,0,0.5856
none,CSVEETRGTPLHF,SLLERGQQL,0,0.4448
none,CANSGHSKEKLFF,LLQVYCEMYGL,0,0.9136
none,CASRKQGPGEQFF,EISGSSARY,0,0.6508
none,CASSLVGQGSSADTQYF,FTAGLTYSQL,0,0.6486
none,CATSSRTSGSDTQYF,FVLTCIIIVCF,0,0.9634
none,CASKSGTSANTGELFF,YMEAVALV,0,0.9467
none,CASSYRTSGRAAYEQYF,FALYLLSKSF,0,0.4827
none,CASSISFSGSTDTQYF,FSPEFSEFF,0,0.8633
none,CATKDYGYTF,AYQAYAAPQL,0,0.4576
none,CASSPRGGAGTLNTGELFF,KLKNPKRYQIM,0,0.8573
none,CASSDFSAGDLDTQYF,KVLLDILAGY,0,0.9524
none,CSPGPTEGYTF,FPVKPRVPL,0,0.7914
none,CASSPRDGGKSTDTQYF,MSASKEIKSF,0,0.8186
none,CASSETSYYEQFF,GSYVYSVAK,0,0.6763
none,CATRGTGWRDEQYV,FTLEGGHRA,0,0.7186
none,CASSPLAGAPSKETQYF,APKKPKEPV,0,0.9409
none,CASNYHLNTEAFF,RIQTHILK,0,0.944
none,CASNTAYQGTYEQYF,TLALPVINNL,0,0.9469
none,CASGLPGPGRGNTEAFF,MLSSNVINF,0,0.3589
none,CAKSAGESYEQYF,EPSQSFSPNL,0,0.8268
none,CASRETGPSSGNTIYF,CPIASSPCLPI,0,0.5345
none,CASSQILLAGGPNEQFF,FLAFVVFLL,0,0.7505
none,CSARAGPSNNEQFF,MVDNAQLGF,0,0.9723
none,CASSHEGRGTYNEQFF,THEVIVPL,0,0.4936
none,CASSATGGLTGYTF,QRRGKTTM,0,0.9204
none,CASSQEEPSGQETQYF,SLYCHTYAEKV,0,0.2348
none,CSARGTGRLDEQYF,VDPSLPGDYLRAILD,0,0.9735
none,CSVEDRVGQGAYEQYF,AYAEATSSL,0,0.2669
none,CASSDPGRSSGNTIYF,TARMLMIVL,0,0.7186
none,CSADRDGPYNEQFF,EHRRRQKRI,0,0.856
none,CASSHWDSLSYEQYF,RRKAMFEDI,0,0.9677
none,CAHHASGQPYEQYF,KVSTFIMMY,0,0.812
none,CSARPDRDHEQFF,TLYATVGKEAV,0,0.9565
none,CAYDRTGDWYGYTF,LYLLLYRHL,0,0.7848
none,CASSLVNSRDYGYPF,LMASISSFLLV,0,0.5955
none,CAISSGLAKAYEQYF,DPNAYSGEL,0,0.9495
none,CSARSRLASSYEQYF,VADLVGFLL,0,0.9884
none,CASRPGGSPSYGYTF,VYSTGSNVF,0,0.9129
none,CASSSPPGTGLGEQYF,FSRSRDLL,0,0.821
none,CASSSFSAEKLFF,STKENTLSK,0,0.9893
none,CASNPRGQGGRYEQYF,NVYEVVNSKK,0,0.5595
none,CASSLRFPASGTYNNEQFF,VYSTGSNVF,0,0.6897
none,CASSQEGRMGHEAFF,GSSIYWAY,0,0.6039
none,CASSFDSSNSGNTIYF,ALLGSSCAPPL,0,0.9636
none,CASSAVGVNIQYF,KMLDPRQGLAV,0,0.8946
none,CASSQVKGSVLGEQYV,YIPTVLDQV,0,0.8607
none,CASTDGTPYEQYF,SLKTLMSHY,0,0.8476
none,CASRGLSAGSPLHF,ILKQNYFSV,0,0.9003
none,CASSGQGVVGNQPQHF,LNMETLNMTM,0,0.9102
none,CASSRTGTGGRRGEQFF,FASGTSYHLSL,0,0.3364
none,CASSWGTDPTYEQYF,SWAAVTLLLLL,0,0.9337
none,CASSPTVGGATDTQYF,RFRHREDRPF,0,0.9081
none,CSLSTGKGYTF,RVSRPTTVV,0,0.9477
none,CSASSGTTTIGEQYF,GLGSPTVYK,0,0.996
none,CATSDQLAPDYNEQFF,RREPTDAMGGL,0,0.7306
none,CSAARSYNEQFF,LLPSVCCIGSK,0,0.9406
none,CASSPLAYVETQYF,FRHHRYDDL,0,0.7923
none,CASSDPGFYNSPLHF,FLSFFTPST,0,0.7705
none,CASSPRQNSEQFF,NLVPAVATV,0,0.8182
none,CSVVNRGRDTQYF,KISDRYYLL,0,0.9358
none,CATSDSRGGQSSYNEQFF,TVNMHRLHVK,0,0.1006
none,CASTVRPYSNQPQHF,STLQGPPGTGK,0,0.8706
none,CATVVVPYEQYF,QLLQFESQV,0,0.4179
none,CASSQPTGPRGDNEQFF,YMCTHRLLLL,0,0.6024
none,CASSTGIGQFF,CRRRNGYRA,0,0.8826
none,CAGSYQPEGRSYNF,ATWASHIHLVI,0,0.1669
none,CASSVSMNGRTDTQYF,SVRPRPEL,0,0.8644
none,CAISLTGPNSGNTIYF,STLQGPPGTGK,0,0.5899
none,CASSVLEWGTGGYEQYF,TYNCTYNRL,0,0.5625
none,CSAPRQVELNYGYTF,TPVTPRWPEV,0,0.9643
none,CASRTDIPAPYTF,LYLALGAGF,0,0.9266
none,CASSTHLYQETQYF,RLMIGTAAA,0,0.9622
none,CSVEAEGPQFF,MLLIGFLSGSL,0,0.188
none,CASSERGRQSSYTF,IIWIVSCII,0,0.334
none,CASNEVGLVADTQYF,FSPEFSEFFI,0,0.6964
none,CASSPKEAGPQETQYF,HIYIGIHMCV,0,0.8253
none,CASSFPRLAGDAQETQYF,LLMGSSDLA,0,0.8682
none,CASKGAGGPDTGELFF,FPVKPQEPLI,0,0.4474
none,CASSAYVASGNTIYF,NSQPVWLCL,0,0.9568
none,CASGHIATNEKLFF,SLGAQTAAA,0,0.8288
none,CASSNEDRDEQYF,CYWSLLSHPL,0,0.5851
none,CASSTGQQTNYGYTF,NLKRVVEDSEY,0,0.9763
none,CASSVPLEGNIQYF,KLKERLDYV,0,0.6682
none,CAISEYRSREQFF,ALVLLMLPVV,0,0.42
none,CASSAGFGKFF,AYLEAIHIF,0,0.923
none,CAWSGAGGPWDTQYF,YMHTDLQAL,0,0.654
none,CASSQAPSVLDTQYF,LPNHVIYLY,0,0.8303
none,CAWSAEGLNTGELFF,VMLCGHDAV,0,0.4952
none,CASMREGSGETQYF,AVAGVQVGV,0,0.6785
none,CSVGGASGANTGELFF,SPVPSFSPAK,0,0.8903
none,CATRAPALGPIRDVLTF,MVLAYLQIFRK,0,0.9173
none,CASGPGRLATLYSNQPQHF,QLQREQQHLK,0,0.8298
none,CASRAGLRVDTQYF,GAMETGTLYL,0,0.8641
none,CSATKAGGRTGELFF,LYNSASFSTF,0,0.9227
none,CASSSFTGRRNEQFF,FMRFRRAF,0,0.9816
none,CASSLGDRGEPFF,FLCRFKQLL,0,0.409
none,CASSEGTDKRGQETQYF,SLQPAPAL,0,0.4669
none,CATSRDDGSYEQYF,AVVIVGLHGV,0,0.688
none,CASSLSSAVTTNEKLFF,AAKDKSVI,0,0.7521
none,CASSQDPAGGPGLWNEQFF,FYNIPPMPL,0,0.5929
none,CAWSVLSGRVTGELFF,RRYQKSTEL,0,0.7191
none,CASSSTASGRGLLYNEQFF,QFHLKILFL,0,0.8179
none,CASRGHLHSGNTIYF,ASDKEQILF,0,0.8497
none,CASSAVATVPSTDTQYF,KIFCISIFL,0,0.9704
none,CASSALGDRIYEQYF,LSHSFNWRK,0,0.9387
none,CASSQVGRDPFF,KLTADGVLTA,0,0.4377
none,CATSDSAETGIFSDTQYF,TYNKEWPLLL,0,0.893
none,CASSQERTLSNQPQHF,KKKRRYKQL,0,0.5875
none,CASSHALDYEQYF,ALIRCLQQL,0,0.9041
none,CADIPIGLNTEAFF,HSEEGSRAY,0,0.9137
none,CASSPFLAVLTDTQYF,ACQGVGGPSHK,0,0.9652
none,CAITRGHNEKLFF,LSHCVSCIGK,0,0.8671
none,CATDSGTGVLEQYF,SSKKVMRTK,0,0.9189
none,CASSRTGMAWNTEAFF,PPSRPISPA,0,0.9697
none,CASTSRDRGNSPLHF,AQALADLAGFK,0,0.8678
none,CASSQSGEGRGSAYEQYF,QIDEPVSPSEV,0,0.1827
none,CASSYALVGDTGELFF,SVPAEILRR,0,0.7983
none,CASSYSENRVGTFF,HLYDIPGSTY,0,0.404
none,CASSPDFQPYEQYF,QPTKSRMSAVA,0,0.908
none,CASSSDRNAVSGYTF,YMAPDCRFL,0,0.9415
none,CATSRVPSGQPLYEQYF,NLSHCVSCI,0,0.7337
none,CASSNGTGGGRNQPQHF,TIYIFEYDK,0,0.5267
none,CASPKAGRPDTQYF,PYNSVTSSI,0,0.4105
none,CASSSTDTSYGYTF,GHKVIGTVL,0,0.9633
none,CASSPLQGSYTEAFF,ETMQCSEL,0,0.9393
none,CASSGDTGTEAFF,ALAVIELYNA,0,0.9335
none,CASSQEPRDQRFF,TLLQACRSV,0,0.4347
none,CSASVLADPVQYF,KFHPQRLQL,0,0.9136
none,CATSREGAGAYEQYF,AQYTLMSQAV,0,0.3702
none,CASSVAAGSSTGELFF,IQAPSNRVM,0,0.7853
none,CASGGGTRGLEQFF,LPATLVVDI,0,0.5957
none,CSARPGQGVGSPLHF,EHLSCPDNFL,0,0.9826
none,CASSYAAKGQATVMNTEAFF,FYKKRFIM,0,0.7585
none,CASSSRAGLISYEQYF,LSAQSHCSTY,0,0.8864
none,CASSEVLGLVGGYTF,SYAYIYTTYL,0,0.5378
none,CSVTMGPQYF,VSNSAYGAK,0,0.8338
none,CASGGRGGPTETQYF,TMFGLPFAT,0,0.57
none,CAWRRTGASTDTQYF,RVFTEAMTR,0,0.6631
none,CASSASSGESYEQYF,FFSSVTVAL,0,0.9703
none,CASSIVLTQADNQPQHF,LAPTRVVAA,0,0.846
none,CATSPRTWASPSTDTQYF,HPKEYEWVL,0,0.9817
none,CASSYERSGTNTGELFF,VRLWSLQLI,0,0.451
none,CASSEAAGGRFAGTDTQYF,SSKQKQQTI,0,0.6199
none,CASSLTAGFNYGYTF,TPLVIKIDKPY,0,0.7238
none,CASSMNPGDEQFF,ALYEKKLALYL,0,0.9233
none,CASSLWAAGMGFSNQPQRF,STSGALDTIQY,0,0.5749
none,CASSPSAPNTIYF,HPLKNGDIL,0,0.5215
none,CAKRAGWETQYF,YANSAANPI,0,0.5191
none,CASSLGDWGLNSPLHF,LRASQPQAL,0,0.4518
none,CASRLAKVHF,VFYRAWHQV,0,0.0954
none,CASRATTASGYTF,GVAVMKFKNPL,0,0.9666
none,CASSYRVTSGQETQYF,YEKEKSFL,0,0.8595
none,CASSPEVGQEQYF,SARYGNSSDMY,0,0.6397
none,CASKDRGFSNQPQHF,FPVKPRVPL,0,0.8222
none,CASSPPASGWSEAFF,RLFDEGKLKA,0,0.7129
none,CASSVGPIGSGELFF,WAAFGGSEFFI,0,0.8154
none,CASSYNRGGLGAEQFF,RILAALFLGL,0,0.2563
none,CASSQVSIHNEQFF,SQPQALLVI,0,0.9262
none,CSSSTDRVTQYF,ILLGLAWLA,0,0.9568
none,CASSWGGKLGNYGYTF,SLYFGGICVI,0,0.6784
none,CAWRGTGRYGYTF,LVFVGLFAF,0,0.3644
none,CARSSWTKKNTEAFF,VAADLIMTLTF,0,0.7821
none,CASSESRGLWRLNGELFF,YHICFFLVTY,0,0.1534
none,CASSIEGPGAGELFF,NPHYHENAGI,0,0.4554
none,CAWTPQGYGNTIYF,EIGMWHAKK,0,0.6726
none,CASSYAGQGGRNTEAFF,RSSVSLEWSK,0,0.0705
none,CASSQDVFSGQPQHF,YADVFHLY,0,0.8512
none,CASSWGPRAEQYF,SRRNKVHDI,0,0.743
none,CASSEAISVTEAFF,GGFLRKYPK,0,0.621
none,CAWSGGGLAGGQETQYF,ALFAGSMQL,0,0.0171
none,CASSQGGMMNTEAFF,VSYVNVNMR,0,0.9096
none,CSALSGILYNEQFF,SFSISSILEW,0,0.9803
none,CASKGAVYNEQFF,LLMLLIGFL,0,0.5659
none,CSGGPGDDTGELFF,IATESIVIW,0,0.9614
none,CSANRLAGASDTQYF,YTRDQIMTIL,0,0.9715
none,CASSPRRPIGDTEAFF,KLSHQLVLLFL,0,0.4474
none,CASRVDRVLEKLFF,HARLRELL,0,0.7175
none,CASSVRPTGVDEQYF,LLDDQILQL,0,0.7775
none,CASSPRTLLAVSTDTQYF,LVKNKEKV,0,0.97
none,CASSYFQGQGLTGELFF,KPRSQMEI,0,0.8775
none,CASSFGQPGREAFF,TYRARGLL,0,0.9491
none,CASSYSMSSTGELFF,WVLIAGYII,0,0.8436
none,CASSPIWDGTEAFF,YISKCWDYA,0,0.9063
none,CASKGRAGGLETQYF,HLVMNLPA,0,0.8306
none,CSASVYTAGGAQYF,FTGSEVENV,0,0.6605
none,CSAAGGYGNQPQHF,YLIIALGIHL,0,0.9838
none,CASSPWESAYEQYF,LPGLPGNGLPG,0,0.7178
none,CASSLGQGMTQHF,VLSWLLKYKI,0,0.8272
none,CASSLEAARRPYEQYF,APSFGSFHLI,0,0.2453
none,CASSPDRRVGAQHF,LPQQFHLKIL,0,0.8021
none,CASSMVQELNYGYTF,EEKKKQQM,0,0.9291
none,CSASDGAGGNEQYF,LIQRINLKK,0,0.9374
none,CASSLLASSLYEQYF,STNPSVATF,0,0.8388
none,CSARLGTPGRETQYF,VFYRAWHQV,0,0.9327
none,CASSWTNPDTEAFF,GTLLPEFPNVK,0,0.9489
none,CATTIRANTGELFF,KFRVQGEAV,0,0.8595
none,CASSLPNSGGQQFF,CLFPQTLAA,0,0.6817
none,CASRSSDRGEGYTF,QPYGSSFHAL,0,0.8573
none,CASSTRLIGEAFF,QALADLAGFK,0,0.9163
none,CASSMTGTINEQFF,SGAPSLKGK,0,0.9731
none,CASLAGTGGWEPQHF,SGAPSLKGK,0,0.9156
none,CASSYRGGYGDTQYF,STFKNWPFL,0,0.6565
none,CASSLDMSADTQYF,WKYLNAVSL,0,0.7829
none,CASSEYGDPYEQYF,KIRLRPGGK,0,0.7041
none,CATSRDVAADRAFF,ELTLGEFLKL,0,0.7137
none,CASSFQGGVVPEAFF,STEGGGLAY,0,0.9669
none,CASRQGNHYNEQFF,RGFPRDPSTEF,0,0.8393
none,CASRALGTGGRVSGELFF,RLDDDGNFQL,0,0.4938
none,CSARGDRVRETQYF,LAKFKQQL,0,0.9366
none,CASSFGTSGSSSPYEQYF,STIARPTIGNK,0,0.8473
none,CASSDWGAGGYYGYTF,TEQELPQSQ,0,0.6692
none,CASSQAGTGGRGEQYF,SLYFGGICVI,0,0.2394
none,CASQLEGALNTEAFF,HYTAQIILAL,0,0.4589
none,CAWSQGAGGYTF,VYQRGTHPF,0,0.3118
none,CASSLGTSGAALGDTQYF,MLLQAYRSV,0,0.6239
none,CSARVRGNVYEQYF,KVMCRFRPV,0,0.9257
none,CASSQDLWGNEAFF,KLKKSLNVAK,0,0.9042
none,CASSLGVPGLAGEPDTQYF,TRQVMSMVSSWLWKE,0,0.6018
none,CATSDPLQEGLGTGELFF,NLLKDCPAV,0,0.7045
none,CSALPLNTGELFF,IVAADLIMTL,0,0.9871
none,CASTPKRVAGTDTQYF,YEDHFPLLF,0,0.9128
none,CASSTDRPPTGHEQFF,IPSSQKQSF,0,0.6522
none,CASTPRTVPSEQYF,ALAVKALYPV,0,0.9503
none,CASSPTGQGLYNEKLFF,SLNFLGGAPK,0,0.9202
none,CAFRKAPGAYGYTF,AIYKQSQR,0,0.6826
none,CASSVDPTLGGNSPLHF,AIFQSSMTR,0,0.2773
none,CASRSDRGIYNEQFF,VLTADGTSL,0,0.9518
none,CAISESHFFYGYTF,PPAMLFHGI,0,0.5903
none,CSASRMEGQGSKGTF,NYNPGTLSSL,0,0.9429
none,CASSPSPDRGRAEAFF,KLARHYLIHTV,0,0.3604
none,CASSSRGPRPGQLYLNSPLHF,ITNYVVEK,0,0.8022
none,CASSFMARGAGRGTDTQYF,MEDKNIIQF,0,0.9033
none,CASSEFRGPNYGYTF,STEGGGLAY,0,0.5586
none,CASSEISTEQYF,GLRAKPWV,0,0.6871
none,CASSLTGGDSFDYGYTF,SMVSSWLWKELGKHK,0,0.83
none,CASTGFGDGYTF,SIGKLFTQTMK,0,0.9537
none,CASSATGLAGLKEQFF,YNSASFSTF,0,0.9133
none,CASSKASGTSGGRDTGELFF,VKKRKYISI,0,0.0343
none,CASSGSGTGAGYTF,ASCYSSSCY,0,0.6893
none,CASSLVGDMGSSPLHF,KYAESDYIFL,0,0.4583
none,CASSVVTGGLDTEAFF,LLFGMPPCLL,0,0.7595
none,CASSPGYDRYEQFF,RLVSEGNLLEV,0,0.9396
none,CASSIPSGLHTDTQYF,HIYEGQITAL,0,0.9099
none,CAYDYEQYF,SPRRGSAAPR,0,0.0901
none,CASRSAGEQYF,TLSGFFLRTLY,0,0.7728
none,CASSQEAPRTFRAKNTEAFF,SRAKAVRAL,0,0.2506
none,CASIASLAGGTDTQYF,KINAGINTI,0,0.9279
none,CASINRASGGVTYNEQFF,AAGILTLGK,0,0.2382
none,CSAGGTGPIYEQYF,VPKKTPSL,0,0.9615
none,CASSSPEVFSYNSPLHF,HQMLLQTCQDF,0,0.9152
none,CASSLALGRRTGELFF,TMLTKTWHSSA,0,0.5073
none,CASSHPRGGVNEQYF,NSTLSGEWFTF,0,0.8749
none,CAFPLDETYNEQFF,MLAPEAVSLVM,0,0.6272
none,CSALRGLAGINNEQFF,ALKLKVAEL,0,0.8876
none,CASSFYPDRAPYEQYF,IMMYRTHCQRI,0,0.9385
none,CASSLAQAEDGYTF,GPAGRIGGNF,0,0.4789
none,CAWSAGYLNGLTF,FAHPRKLL,0,0.7422
none,CASSLTKSGWGEAFF,SEQVVLTSI,0,0.7589
none,CASSAGQLISYEQYF,LLYNDQPPR,0,0.9753
none,CATSDSTFLAGMETQYF,EEFKAAFSCC,0,0.6316
none,CASSLFVTGLFTEAFF,VLSWLLKYKI,0,0.8845
none,CASSLVGGRPAGELFF,MAWQGLVLA,0,0.6063
none,CASSAGTGPLTNEQFF,VSWAAVTLLL,0,0.926
none,CASSPRRAGEDEQYF,RQKKIRIQL,0,0.8529
none,CASSFLYRGSYEQYF,KKKSRSSYI,0,0.8609
none,CASSFGQGARGIGEAFF,TLLQACRSV,0,0.8537
none,CASSMGNGGQDTQYF,LCRHKRKQL,0,0.8957
none,CASSEIRNDQPQHF,SPEILNTSGSY,0,0.6406
none,CASSLNGQGQPQHF,SLLWNGPMAV,0,0.8612
none,CASSWTGGQGNEQFF,ILLQACRSV,0,0.9427
none,CANSTRGSPSSYEQYF,HGYTGSYNY,0,0.7644
none,CASSLAVGQGHGYTF,APRGVRMAV,0,0.246
none,CASRTRQSNQPQHF,RVMDISYLNL,0,0.9665
none,CASSLEPLQTTF,RLIELIRRA,0,0.2922
none,CASSRGPPSNSPLHF,YYGDLAARL,0,0.3746
none,CASSGGQPEGEQYF,LTVETLTKV,0,0.7972
none,CASSYSRTLGTGITPINNEQFF,LNRSSSQGTQL,0,0.1829
none,CSATPYSEAFF,KRLPAGLLLGHGPIR,0,0.9475
none,CASSTLGEVGEQFF,KFARGDYTTTI,0,0.9408
none,CASSSLSGTEYEQYF,FFASFYYVW,0,0.9837
none,CASLAGALAYEQYF,RKAKILRHY,0,0.6995
none,CASSPGKNSVKNIQYF,QSSASTESPAF,0,0.8906
none,CASSLELPQFDEQYF,LMFKSTAKRA,0,0.5123
none,CASSSRGGQGLSGYTF,ALQQCLQGA,0,0.8374
none,CATSRKTGIGTEAFF,STIMGSYLGV,0,0.9133
none,CASSLGGELYLHF,EARTLRVLSM,0,0.6234
none,CASADTVGSPLHF,SLSSSGAPSLK,0,0.9388
none,CASTRSYSRQDTQYF,YPSGTSGSPI,0,0.9143
none,CAIRAGTGVNQQYF,HVRLWSLQL,0,0.8803
none,CASNLPGQIEAFF,WLVGGIVAA,0,0.8321
none,CATSDSRANCEQYF,VLLEDGGVEV,0,0.7476
none,CASRGRQSLNEKLFF,MQSYTWSLTY,0,0.8945
none,CASSVQGTQETQYF,LYPEYIYTVL,0,0.8243
none,CAWSPSSVPTNEKLFF,LYLEMLLKAL,0,0.8533
none,CSAIGLGTSGRAPNEQFF,FLPIPNWEQ,0,0.919
none,CASSISGYSYGYTF,MLKRGVARVSPFGGL,0,0.7058
none,CATSTFGAYNEQFF,ISPILENPFF,0,0.9786
none,CASSEFVGDYGGYTF,RVYANLGER,0,0.853
none,CASSLDSRVTSREQYF,SITRKNSRTPL,0,0.4235
none,CAWSQLGSNQPQHF,IPRSALYMHY,0,0.8074
none,CASSLAATGPQDTQYF,VLSAQSHCSTY,0,0.6598
none,CASSEVQPMNTEAFF,ATWAENIQV,0,0.4696
none,CASRPSDRRISGANVLTF,ALLTPVTMAEV,0,0.8831
none,CSGTDSTEAFF,TPPGTRDAF,0,0.9021
none,CSAKTGKGSQPQHF,EEFKAAFSC,0,0.9614
none,CATSALTAPTGELFF,ALIRNLQQL,0,0.9579
none,CASSGERQGNSYEQYF,MSQPDAQRY,0,0.3431
none,CASSSRASGATNEKLFF,GSFLKELEK,0,0.8937
none,CASSEGSPGREQYF,APVRRAQPA,0,0.5038
none,CATSNGQNTGELFF,WLSDASERHPV,0,0.9442
none,CASTTSGRGLQETQYF,VYNLGNREAEL,0,0.8402
none,CASSLFGRDRKETQYF,LSNLTHVLY,0,0.7828
none,CASDRDCYEQYF,RLYSKQVTIAI,0,0.726
none,CASSENTPTGTNEKLFF,CARRRLRTL,0,0.713
none,CSAKDKGNTGELFF,HIDDSDSITV,0,0.8762
none,CAINRYNEQFF,AMGPRPHSV,0,0.8226
none,CASMGAGMTGELFF,LMLQNALTTM,0,0.825
none,CSQRLAGVSYNEQFF,VSNMAEVRSY,0,0.8352
none,CASSILVSSYEQYF,YTRDQIMTI,0,0.6931
none,CASSLALSGTGGYGYTF,ACQGVGGPSHK,0,0.2657
none,CASSEQGLTTEAFF,RYTRPTEPPL,0,0.7404
none,CASSSFPGRDEKLFF,FELSRRFSQIL,0,0.9835
none,CASSPRTGSAYNEQFF,LVKNKEKV,0,0.9455
none,CASSAPSGSGDEQFF,MLATDLSLRV,0,0.8862
none,CASSSTGQMGTEAFF,YYGDLAARL,0,0.9845
none,CASSIGDIHNEQFF,NQWKEPDVY,0,0.8159
none,CSFTRGGQNTEAFF,RILAALFLGL,0,0.9484
none,CASSEGQGPPIEAFF,TRHPATATV,0,0.7666
none,CSAGGRLGLGTGELFF,SPRSWGPRL,0,0.9626
none,CSVAGSGDTPTDTQYF,LIYRRRLM,0,0.9726
none,CASSPAYPNTEAFF,TVLRFVPPL,0,0.7902
none,CASSPPVGARTGELFF,WLCRRSRAASV,0,0.6197
none,CASSRIMDSSSSPLHF,ALHDLPENLR,0,0.8614
none,CASSLSPGPFNEKLFF,VLMPTVLQAL,0,0.7398
none,CASGLQAPYF,IVMEYLAFL,0,0.1155
none,CASSLTIGGTGELFF,VVQSVTSVAK,0,0.896
none,CATSSIAGDNEQFF,GPRPHSVWGSS,0,0.9551
none,CSASGTISSYEQYF,IILDVCSSGL,0,0.9936
none,CASSQDITLGYEQYF,QEFDHLLEEQ,0,0.7854
none,CASSQEQWLDSPLHF,KLCRTVIAAA,0,0.8575
none,CASSSQRVYPNYGYTF,GPLCKADSL,0,0.8942
none,CASSQFGSQVPLHF,LIAGYIIVFVV,0,0.9778
none,CAISDSGQASTDTQYF,RPAWRCVPF,0,0.9341
none,CASSLKSRSTGELFF,AIFQCSMTK,0,0.6483
none,CASSEPHLNEQYF,ATVEALINKYKLKEG,0,0.4589
none,CASSPWGQGAGQPQHF,SFGSFHLIHLM,0,0.5834
none,CSARPLVSGGYTF,SPRRGSAAPR,0,0.9642
none,CASSPNDRGPYGYTF,KLCIFAPFV,0,0.8525
none,CASSFQLLAGVGNEQFF,VPFCSHHFHEL,0,0.9171
none,CASSPSPGRPAGELFF,FYVAMFASL,0,0.7935
none,CATSRRTAGVETQYF,LPDSLTQVIRK,0,0.8283
none,CAWSAGNVEKLFF,VYNAPNLHTL,0,0.8713
none,CASSQGPTGRSDGEQFF,RLVFQTSK,0,0.684
none,CASSRLASQYF,KKKRRYKQL,0,0.4668
none,CASSQVRGVSLNTEAFF,FYKKRFIM,0,0.8337
none,CSGANLAGGLNEQFF,CLLTNWPSV,0,0.9742
none,CSAPRQGYYEQYF,VLHPQTEGM,0,0.9576
none,CASSHLGRPGVGENTIYF,MPPLSPEKPAL,0,0.9232
none,CASMGWNTEAFF,ISDTASLCY,0,0.9334
none,CASSRPGTGPRRYGYTF,FLRNIPRSI,0,0.8252
none,CASSQDWPALTDTQYF,REHAGCRFRF,0,0.8891
none,CSPMSRTSGEQYF,NYVAGGQEV,0,0.8349
none,CASSVAAGGHNEQFF,VRGAKRMAVL,0,0.5159
none,CATSDLGDGPTDTQYF,FMEAVSSKYSM,0,0.8294
none,CASSLTGAFNTEAFF,AYEYVDYLF,0,0.7683
none,CASSQDFTMGNQPQHF,WQRPIMESV,0,0.9205
none,CAISAIPDKLEAFF,IAVKESSQY,0,0.9314
none,CAWSEGLSKTDTQYF,KIYFFLRK,0,0.3473
none,CSVGGGTMLTDTQYF,ILLRRLLSSA,0,0.9526
none,CATSRTGGPGRSEQYF,NPRFRPHI,0,0.6804
none,CASVRDRGFGSYEQYF,AVADMQVGAV,0,0.2208
none,CSAKLGASWNTEAFF,ILLAVLQEI,0,0.9709
none,CASSWGYGFTDTQYF,SPIESYIEW,0,0.9753
none,CASRARQQAGREKLFF,SLMDKVSNGI,0,0.9449
none,CASSRDRGPREQFF,SINNKLVYV,0,0.7277
none,CSARGNRNYEQYF,HSWNADLYK,0,0.9187
none,CSAVPGTVSYEQYF,FFASFYYVW,0,0.9836
none,CASRPLSKNTEAFF,RLARAIIEL,0,0.925
none,CASTDRRGSPYNEQFF,GVMLYTMLVGR,0,0.8744
none,CASSFVASGGEQYF,HEDLYKRYGGF,0,0.8003
none,CASSVRQGRSEAFF,LMWSCFGTR,0,0.8919
none,CASSLSWDRAKLGGELFF,RANSGFGRGL,0,0.121
none,CASSYKSPGQTHSNQPQHF,VLLLDVTPL,0,0.7943
none,CASRRPSVGEAFF,DEERCLCPWSL,0,0.7584
none,CASSEASVVASEYNEQFF,TKAGKRVIQL,0,0.3662
none,CASSPYTRAGELFF,MLKRGVARVSPFGGL,0,0.9371
none,CASSFRTRKNTNEQFF,SLYLRPVLI,0,0.8924
none,CASSLARGVEYEQYL,KVVFLFPAV,0,0.1352
none,CASGLNRGGGYTF,RQVVNVVTTK,0,0.6851
none,CASSLTASGAGYTF,SLAPCFCLS,0,0.6929
none,CASSRSRASGSPDTQYF,LFSSSSFQK,0,0.6924
none,CASSESHPRAFNYGYTF,LIQNVRSMK,0,0.4108
none,CASPGRGQQNTEAFF,SFGSFHLIHLM,0,0.8335
none,CSAKGRAAYYGYTF,ALIRGLQQL,0,0.9555
none,CASSDRDPSGQFF,ATQPGLTSAV,0,0.6938
none,CSARDPRRGDNNEQFF,KDRAKIAL,0,0.7537
none,CAWSVASSQYQETQYF,MLMIVLLVFAI,0,0.4532
none,CASSLALRFSGRPYEQYF,MLLLMEREDKV,0,0.3241
none,CASSATIFGEVRGDIQYF,LLMFPSTTA,0,0.9322
none,CASSYSQLGEAFF,KAFPDYCTYL,0,0.5324
none,CASSQDHRARNTEAFF,TPNTLPNYQSF,0,0.7308
none,CASIGDLAGVGELFF,AIFQCSMTK,0,0.8699
none,CASGTARGAGLTNEKLFF,LIFSATLAYFL,0,0.5258
none,CASSDMGTGKETQYF,YLAEADLSY,0,0.8893
none,CASSAQGGVTYEQYF,LMTDTQFVL,0,0.9529
none,CAWSANIEETQYF,NLIFVFYML,0,0.8169
none,CASSSDQGAKAYEQYF,QLFYALGIVF,0,0.8505
none,CASTAGRGYNEQFF,AASPRRGSA,0,0.8
none,CSVFPGSDTEAFF,ILKNLCLELYL,0,0.9846
none,CASTDPSETQYF,GVMLYTMLVGR,0,0.6892
none,CSAKNPTGRETQYF,VIRRDFSMADK,0,0.958
none,CASSGGLARALGEQYF,YEWVLIAGY,0,0.3915
none,CASSPRVTGSTYGYTF,MNIHRSTPITI,0,0.9292
none,CASSTTGEPYEQYF,FLAVGGVLL,0,0.9702
none,CSASEDSASDGYTF,FALGNVISA,0,0.707
none,CASSLGTAPGNTEAFF,KELEGILLL,0,0.757
none,CASSQQTVTGYGYTF,VENVRVAY,0,0.9157
none,CSAPTGGRTTDTQYF,LLMGTLGIVC,0,0.9904
none,CASTEGRRGTDTQYF,ILWYAPESL,0,0.4224
none,CASVSSGGSYEQYF,TLYLGTSGI,0,0.8119
none,CSARVPLRYYGYTF,HSEEGSRAY,0,0.9118
none,CASSIGAGPYYEQYF,SLIAAAAFCLA,0,0.8674
